2026-03-24T04:29:48.0962996Z Current runner version: '2.332.0'
2026-03-24T04:29:48.0965921Z Runner name: 'blacksmith-01kmf1nn7sqq8h6qka11mc6y1c-16vcpu'
2026-03-24T04:29:48.0966459Z Runner group name: 'blacksmith runners 01kehh8g695c1nehfqhfcdevv0'
2026-03-24T04:29:48.0966965Z Machine name: 'ip-172-31-64-123'
2026-03-24T04:29:48.0968279Z ##[group]GITHUB_TOKEN Permissions
2026-03-24T04:29:48.0969431Z Contents: read
2026-03-24T04:29:48.0969754Z Metadata: read
2026-03-24T04:29:48.0970038Z Packages: read
2026-03-24T04:29:48.0970356Z ##[endgroup]
2026-03-24T04:29:48.0971546Z Secret source: Actions
2026-03-24T04:29:48.0971883Z Prepare workflow directory
2026-03-24T04:29:48.1156772Z Prepare all required actions
2026-03-24T04:29:48.1176632Z Getting action download info
2026-03-24T04:29:48.5443160Z Download action repository 'actions/checkout@v6' (SHA:de0fac2e4500dabe0009e67214ff5f5447ce83dd)
2026-03-24T04:29:48.6356541Z Download action repository 'actions/download-artifact@v8' (SHA:3e5f45b2cfb9172054b4087a40e8e0b5a5461e7c)
2026-03-24T04:29:49.2430284Z Setting BLACKSMITH_ACTIONS_RESULTS_URL to https://results-receiver.actions.githubusercontent.com/
2026-03-24T04:29:49.2447670Z Complete job name: bun-checks (2, 2, OPENCLAW_TEST_ISOLATE=1 bunx vitest run --config vitest.unit.config.ts --shard ...
2026-03-24T04:29:49.2663710Z A job started hook has been configured by the self-hosted runner administrator
2026-03-24T04:29:49.2716594Z ##[group]Run '/setup.sh'
2026-03-24T04:29:49.2725257Z shell: /usr/bin/bash --noprofile --norc -e -o pipefail {0}
2026-03-24T04:29:49.2725616Z ##[endgroup]
2026-03-24T04:29:49.2875554Z Logging daemon started (blacksmithd for logs)
2026-03-24T04:29:49.2964087Z Results daemon started (blacksmithd for results)
2026-03-24T04:29:49.2964704Z Background adoption and SSH setup started (PID: 3339)
2026-03-24T04:29:49.2965345Z 
2026-03-24T04:29:49.2965650Z ----------------------------------------
2026-03-24T04:29:49.2966171Z SSH Access (using your GitHub SSH key):
2026-03-24T04:29:49.2966815Z   ssh -p 64001 runner@blacksmith-01kmf1nn7sqq8h6qka11mc6y1c-16vcpu.vm.blacksmith.sh
2026-03-24T04:29:49.2967314Z 
2026-03-24T04:29:49.2967444Z No GitHub SSH key? Add one at:
2026-03-24T04:29:49.2967937Z https://docs.github.com/en/authentication/connecting-to-github-with-ssh/adding-a-new-ssh-key-to-your-github-account
2026-03-24T04:29:49.2968407Z 
2026-03-24T04:29:49.2968599Z ----------------------------------------
2026-03-24T04:29:49.2968791Z 
2026-03-24T04:29:49.2968950Z VM ID: blacksmith-01kmf1nn7sqq8h6qka11mc6y1c-16vcpu
2026-03-24T04:29:49.2969263Z Host: production-131.153.158.255-x8664
2026-03-24T04:29:49.2969527Z Host Agent PID: 2605096
2026-03-24T04:29:49.2969821Z Agent Process Count: 1
2026-03-24T04:29:49.2970060Z Host Agent Git SHA: 1fd3ede1
2026-03-24T04:29:49.2970320Z Host CPU Manufacturer: AuthenticAMD
2026-03-24T04:29:49.2970592Z Blacksmith Host Generation: gen 2
2026-03-24T04:29:49.2970868Z Petname: production-hot-anemone-e82c0eaa
2026-03-24T04:29:49.2971140Z Region: eu-west
2026-03-24T04:29:49.2971369Z Rootfs Version: ubuntu24-full-x64-012126
2026-03-24T04:29:49.2971649Z GitHub traffic proxy: disabled
2026-03-24T04:29:49.2983648Z OS Version: Ubuntu 24.04.3 LTS
2026-03-24T04:29:49.2999793Z System Statistics:
2026-03-24T04:29:49.3000022Z -----------------
2026-03-24T04:29:49.3000215Z VM CPU Count: 4
2026-03-24T04:29:49.3000387Z Host Available CPUs: 0
2026-03-24T04:29:49.3000506Z 
2026-03-24T04:29:49.3000583Z Jobs by Process ID:
2026-03-24T04:29:49.3000757Z -----------------
2026-03-24T04:29:49.3001026Z PID 2605096: 4 jobs
2026-03-24T04:29:49.3001215Z Total: 4 jobs across 1 process
2026-03-24T04:29:49.3001344Z 
2026-03-24T04:29:49.3001421Z Devices by Process ID:
2026-03-24T04:29:49.3001603Z -----------------
2026-03-24T04:29:49.3001770Z PID 2605096: 3 devices
2026-03-24T04:29:49.3002030Z Total: 3 devices across 1 process
2026-03-24T04:29:49.3008865Z Enabling Blacksmith transparent cache
2026-03-24T04:29:49.3171847Z ##[group]Run actions/checkout@v6
2026-03-24T04:29:49.3172097Z with:
2026-03-24T04:29:49.3172269Z   submodules: false
2026-03-24T04:29:49.3172598Z   repository: openclaw/openclaw
2026-03-24T04:29:49.3172914Z   token: ***
2026-03-24T04:29:49.3173086Z   ssh-strict: true
2026-03-24T04:29:49.3173265Z   ssh-user: git
2026-03-24T04:29:49.3173450Z   persist-credentials: true
2026-03-24T04:29:49.3173653Z   clean: true
2026-03-24T04:29:49.3173838Z   sparse-checkout-cone-mode: true
2026-03-24T04:29:49.3174054Z   fetch-depth: 1
2026-03-24T04:29:49.3174231Z   fetch-tags: false
2026-03-24T04:29:49.3174409Z   show-progress: true
2026-03-24T04:29:49.3174593Z   lfs: false
2026-03-24T04:29:49.3174764Z   set-safe-directory: true
2026-03-24T04:29:49.3174962Z env:
2026-03-24T04:29:49.3175160Z   FORCE_JAVASCRIPT_ACTIONS_TO_NODE24: true
2026-03-24T04:29:49.3175408Z   GITHUB_REPO_NAME: openclaw/openclaw
2026-03-24T04:29:49.3175634Z ##[endgroup]
2026-03-24T04:29:49.5119798Z Syncing repository: openclaw/openclaw
2026-03-24T04:29:49.5120642Z ##[group]Getting Git version info
2026-03-24T04:29:49.5120942Z Working directory is '/home/runner/_work/openclaw/openclaw'
2026-03-24T04:29:49.5121375Z [command]/usr/bin/git version
2026-03-24T04:29:49.5187303Z git version 2.52.0
2026-03-24T04:29:49.5199105Z ##[endgroup]
2026-03-24T04:29:49.5206647Z Temporarily overriding HOME='/home/runner/_work/_temp/1cbb10ed-e138-473d-8764-c91275628000' before making global git config changes
2026-03-24T04:29:49.5207252Z Adding repository directory to the temporary git global config as a safe directory
2026-03-24T04:29:49.5210030Z [command]/usr/bin/git config --global --add safe.directory /home/runner/_work/openclaw/openclaw
2026-03-24T04:29:49.5230441Z Deleting the contents of '/home/runner/_work/openclaw/openclaw'
2026-03-24T04:29:49.5232041Z ##[group]Initializing the repository
2026-03-24T04:29:49.5233979Z [command]/usr/bin/git init /home/runner/_work/openclaw/openclaw
2026-03-24T04:29:49.5285051Z hint: Using 'master' as the name for the initial branch. This default branch name
2026-03-24T04:29:49.5285480Z hint: will change to "main" in Git 3.0. To configure the initial branch name
2026-03-24T04:29:49.5285895Z hint: to use in all of your new repositories, which will suppress this warning,
2026-03-24T04:29:49.5286209Z hint: call:
2026-03-24T04:29:49.5286367Z hint:
2026-03-24T04:29:49.5286587Z hint: 	git config --global init.defaultBranch <name>
2026-03-24T04:29:49.5286843Z hint:
2026-03-24T04:29:49.5287086Z hint: Names commonly chosen instead of 'master' are 'main', 'trunk' and
2026-03-24T04:29:49.5287484Z hint: 'development'. The just-created branch can be renamed via this command:
2026-03-24T04:29:49.5287800Z hint:
2026-03-24T04:29:49.5287962Z hint: 	git branch -m <name>
2026-03-24T04:29:49.5288159Z hint:
2026-03-24T04:29:49.5288425Z hint: Disable this message with "git config set advice.defaultBranchName false"
2026-03-24T04:29:49.5290008Z Initialized empty Git repository in /home/runner/_work/openclaw/openclaw/.git/
2026-03-24T04:29:49.5294669Z [command]/usr/bin/git remote add origin https://github.com/openclaw/openclaw
2026-03-24T04:29:49.5331576Z ##[endgroup]
2026-03-24T04:29:49.5331906Z ##[group]Disabling automatic garbage collection
2026-03-24T04:29:49.5333394Z [command]/usr/bin/git config --local gc.auto 0
2026-03-24T04:29:49.5344872Z ##[endgroup]
2026-03-24T04:29:49.5345158Z ##[group]Setting up auth
2026-03-24T04:29:49.5345432Z Removing SSH command configuration
2026-03-24T04:29:49.5348252Z [command]/usr/bin/git config --local --name-only --get-regexp core\.sshCommand
2026-03-24T04:29:49.5360694Z [command]/usr/bin/git submodule foreach --recursive sh -c "git config --local --name-only --get-regexp 'core\.sshCommand' && git config --local --unset-all 'core.sshCommand' || :"
2026-03-24T04:29:49.5551090Z Removing HTTP extra header
2026-03-24T04:29:49.5553580Z [command]/usr/bin/git config --local --name-only --get-regexp http\.https\:\/\/github\.com\/\.extraheader
2026-03-24T04:29:49.5565482Z [command]/usr/bin/git submodule foreach --recursive sh -c "git config --local --name-only --get-regexp 'http\.https\:\/\/github\.com\/\.extraheader' && git config --local --unset-all 'http.https://github.com/.extraheader' || :"
2026-03-24T04:29:49.5640571Z Removing includeIf entries pointing to credentials config files
2026-03-24T04:29:49.5643657Z [command]/usr/bin/git config --local --name-only --get-regexp ^includeIf\.gitdir:
2026-03-24T04:29:49.5655798Z [command]/usr/bin/git submodule foreach --recursive git config --local --show-origin --name-only --get-regexp remote.origin.url
2026-03-24T04:29:49.5739348Z [command]/usr/bin/git config --file /home/runner/_work/_temp/git-credentials-712be2bb-49e4-495d-9544-8f75a7fba39c.config http.https://github.com/.extraheader AUTHORIZATION: basic ***
2026-03-24T04:29:49.5753086Z [command]/usr/bin/git config --local includeIf.gitdir:/home/runner/_work/openclaw/openclaw/.git.path /home/runner/_work/_temp/git-credentials-712be2bb-49e4-495d-9544-8f75a7fba39c.config
2026-03-24T04:29:49.5764660Z [command]/usr/bin/git config --local includeIf.gitdir:/home/runner/_work/openclaw/openclaw/.git/worktrees/*.path /home/runner/_work/_temp/git-credentials-712be2bb-49e4-495d-9544-8f75a7fba39c.config
2026-03-24T04:29:49.5780286Z [command]/usr/bin/git config --local includeIf.gitdir:/github/workspace/.git.path /github/runner_temp/git-credentials-712be2bb-49e4-495d-9544-8f75a7fba39c.config
2026-03-24T04:29:49.5791166Z [command]/usr/bin/git config --local includeIf.gitdir:/github/workspace/.git/worktrees/*.path /github/runner_temp/git-credentials-712be2bb-49e4-495d-9544-8f75a7fba39c.config
2026-03-24T04:29:49.5799584Z ##[endgroup]
2026-03-24T04:29:49.5799883Z ##[group]Fetching the repository
2026-03-24T04:29:49.5803897Z [command]/usr/bin/git -c protocol.version=2 fetch --no-tags --prune --no-recurse-submodules --depth=1 origin +e864421d83cf292d1dc238f5383f3ac4b011c924:refs/remotes/origin/main
2026-03-24T04:29:51.7629353Z From https://github.com/openclaw/openclaw
2026-03-24T04:29:51.7629841Z  * [new ref]         e864421d83cf292d1dc238f5383f3ac4b011c924 -> origin/main
2026-03-24T04:29:51.7651422Z [command]/usr/bin/git branch --list --remote origin/main
2026-03-24T04:29:51.7661617Z   origin/main
2026-03-24T04:29:51.7665444Z [command]/usr/bin/git rev-parse refs/remotes/origin/main
2026-03-24T04:29:51.7673895Z e864421d83cf292d1dc238f5383f3ac4b011c924
2026-03-24T04:29:51.7675273Z ##[endgroup]
2026-03-24T04:29:51.7675526Z ##[group]Determining the checkout info
2026-03-24T04:29:51.7675898Z ##[endgroup]
2026-03-24T04:29:51.7678028Z [command]/usr/bin/git sparse-checkout disable
2026-03-24T04:29:51.7715355Z [command]/usr/bin/git config --local --unset-all extensions.worktreeConfig
2026-03-24T04:29:51.7725562Z ##[group]Checking out the ref
2026-03-24T04:29:51.7726537Z [command]/usr/bin/git checkout --progress --force -B main refs/remotes/origin/main
2026-03-24T04:29:52.0894079Z Switched to a new branch 'main'
2026-03-24T04:29:52.0894868Z branch 'main' set up to track 'origin/main'.
2026-03-24T04:29:52.0901613Z ##[endgroup]
2026-03-24T04:29:52.0922369Z [command]/usr/bin/git log -1 --format=%H
2026-03-24T04:29:52.0932101Z e864421d83cf292d1dc238f5383f3ac4b011c924
2026-03-24T04:29:52.1068518Z Prepare all required actions
2026-03-24T04:29:52.1068788Z Getting action download info
2026-03-24T04:29:52.3387170Z Download action repository 'actions/setup-node@v6' (SHA:53b83947a5a98c8d113130e565377fae1a50d02f)
2026-03-24T04:29:52.7708970Z Download action repository 'oven-sh/setup-bun@v2.2.0' (SHA:0c5077e51419868618aeaa5fe8019c62421857d6)
2026-03-24T04:29:53.1978925Z ##[group]Run ./.github/actions/setup-node-env
2026-03-24T04:29:53.1979275Z with:
2026-03-24T04:29:53.1979362Z   install-bun: true
2026-03-24T04:29:53.1979468Z   use-sticky-disk: false
2026-03-24T04:29:53.1979604Z   node-version: 24.x
2026-03-24T04:29:53.1979716Z   cache-key-suffix: node24
2026-03-24T04:29:53.1979817Z   pnpm-version: 10.23.0
2026-03-24T04:29:53.1979924Z   install-deps: true
2026-03-24T04:29:53.1980045Z   frozen-lockfile: true
2026-03-24T04:29:53.1980147Z env:
2026-03-24T04:29:53.1980247Z   FORCE_JAVASCRIPT_ACTIONS_TO_NODE24: true
2026-03-24T04:29:53.1980372Z   GITHUB_REPO_NAME: openclaw/openclaw
2026-03-24T04:29:53.1980515Z ##[endgroup]
2026-03-24T04:29:53.2066758Z ##[group]Run set -euo pipefail
2026-03-24T04:29:53.2066931Z [36;1mset -euo pipefail[0m
2026-03-24T04:29:53.2067048Z [36;1mgit submodule sync --recursive[0m
2026-03-24T04:29:53.2067177Z [36;1mfor attempt in 1 2 3 4 5; do[0m
2026-03-24T04:29:53.2067390Z [36;1m  if git -c protocol.version=2 submodule update --init --force --depth=1 --recursive; then[0m
2026-03-24T04:29:53.2067588Z [36;1m    exit 0[0m
2026-03-24T04:29:53.2067686Z [36;1m  fi[0m
2026-03-24T04:29:53.2067825Z [36;1m  echo "Submodule update failed (attempt $attempt/5). Retrying…"[0m
2026-03-24T04:29:53.2068011Z [36;1m  sleep $((attempt * 10))[0m
2026-03-24T04:29:53.2068118Z [36;1mdone[0m
2026-03-24T04:29:53.2068205Z [36;1mexit 1[0m
2026-03-24T04:29:53.2077904Z shell: /usr/bin/bash --noprofile --norc -e -o pipefail {0}
2026-03-24T04:29:53.2078048Z env:
2026-03-24T04:29:53.2078143Z   FORCE_JAVASCRIPT_ACTIONS_TO_NODE24: true
2026-03-24T04:29:53.2078278Z   GITHUB_REPO_NAME: openclaw/openclaw
2026-03-24T04:29:53.2078404Z ##[endgroup]
2026-03-24T04:29:53.2300661Z ##[group]Run actions/setup-node@v6
2026-03-24T04:29:53.2300804Z with:
2026-03-24T04:29:53.2300893Z   node-version: 24.x
2026-03-24T04:29:53.2300984Z   check-latest: false
2026-03-24T04:29:53.2301125Z   token: ***
2026-03-24T04:29:53.2301217Z   package-manager-cache: true
2026-03-24T04:29:53.2301318Z env:
2026-03-24T04:29:53.2301410Z   FORCE_JAVASCRIPT_ACTIONS_TO_NODE24: true
2026-03-24T04:29:53.2301545Z   GITHUB_REPO_NAME: openclaw/openclaw
2026-03-24T04:29:53.2301655Z ##[endgroup]
2026-03-24T04:29:53.3256312Z Found in cache @ /opt/hostedtoolcache/node/24.13.0/x64
2026-03-24T04:29:53.3258105Z ##[group]Environment details
2026-03-24T04:29:53.5898159Z node: v24.13.0
2026-03-24T04:29:53.5898337Z npm: 11.6.2
2026-03-24T04:29:53.5902788Z yarn: 1.22.22
2026-03-24T04:29:53.5903171Z ##[endgroup]
2026-03-24T04:29:53.5972745Z Prepare all required actions
2026-03-24T04:29:53.5972920Z Getting action download info
2026-03-24T04:29:53.7930768Z Download action repository 'useblacksmith/stickydisk@v1' (SHA:53fa0c2f644d5d6ce16c601f25e3e9f8f267ee38)
2026-03-24T04:29:54.1824561Z Download action repository 'actions/cache@v5' (SHA:668228422ae6a00e4ad889ee87cd7109ec5666a7)
2026-03-24T04:29:54.6234472Z ##[group]Run ./.github/actions/setup-pnpm-store-cache
2026-03-24T04:29:54.6234623Z with:
2026-03-24T04:29:54.6234707Z   pnpm-version: 10.23.0
2026-03-24T04:29:54.6234808Z   cache-key-suffix: node24
2026-03-24T04:29:54.6234918Z   use-sticky-disk: false
2026-03-24T04:29:54.6235022Z   use-restore-keys: true
2026-03-24T04:29:54.6235126Z   use-actions-cache: true
2026-03-24T04:29:54.6235222Z env:
2026-03-24T04:29:54.6235308Z   FORCE_JAVASCRIPT_ACTIONS_TO_NODE24: true
2026-03-24T04:29:54.6235428Z   GITHUB_REPO_NAME: openclaw/openclaw
2026-03-24T04:29:54.6235532Z ##[endgroup]
2026-03-24T04:29:54.6287568Z ##[group]Run set -euo pipefail
2026-03-24T04:29:54.6287722Z [36;1mset -euo pipefail[0m
2026-03-24T04:29:54.6287967Z [36;1mif [[ ! "$PNPM_VERSION" =~ ^[0-9]+(\.[0-9]+){1,2}([.-][0-9A-Za-z.-]+)?$ ]]; then[0m
2026-03-24T04:29:54.6288170Z [36;1m  echo "::error::Invalid pnpm-version input: '$PNPM_VERSION'"[0m
2026-03-24T04:29:54.6288314Z [36;1m  exit 2[0m
2026-03-24T04:29:54.6288392Z [36;1mfi[0m
2026-03-24T04:29:54.6288476Z [36;1mcorepack enable[0m
2026-03-24T04:29:54.6288578Z [36;1mfor attempt in 1 2 3; do[0m
2026-03-24T04:29:54.6288719Z [36;1m  if corepack prepare "pnpm@$PNPM_VERSION" --activate; then[0m
2026-03-24T04:29:54.6288951Z [36;1m    pnpm -v[0m
2026-03-24T04:29:54.6289035Z [36;1m    exit 0[0m
2026-03-24T04:29:54.6289124Z [36;1m  fi[0m
2026-03-24T04:29:54.6289251Z [36;1m  echo "corepack prepare failed (attempt $attempt/3). Retrying..."[0m
2026-03-24T04:29:54.6289414Z [36;1m  sleep $((attempt * 10))[0m
2026-03-24T04:29:54.6289561Z [36;1mdone[0m
2026-03-24T04:29:54.6289636Z [36;1mexit 1[0m
2026-03-24T04:29:54.6301360Z shell: /usr/bin/bash --noprofile --norc -e -o pipefail {0}
2026-03-24T04:29:54.6301518Z env:
2026-03-24T04:29:54.6301638Z   FORCE_JAVASCRIPT_ACTIONS_TO_NODE24: true
2026-03-24T04:29:54.6301761Z   GITHUB_REPO_NAME: openclaw/openclaw
2026-03-24T04:29:54.6301870Z   PNPM_VERSION: 10.23.0
2026-03-24T04:29:54.6301963Z ##[endgroup]
2026-03-24T04:29:54.7006439Z Preparing pnpm@10.23.0 for immediate activation...
2026-03-24T04:29:55.1411119Z 10.23.0
2026-03-24T04:29:55.1460709Z ##[group]Run echo "path=$(pnpm store path --silent)" >> "$GITHUB_OUTPUT"
2026-03-24T04:29:55.1460943Z [36;1mecho "path=$(pnpm store path --silent)" >> "$GITHUB_OUTPUT"[0m
2026-03-24T04:29:55.1471239Z shell: /usr/bin/bash --noprofile --norc -e -o pipefail {0}
2026-03-24T04:29:55.1471384Z env:
2026-03-24T04:29:55.1471489Z   FORCE_JAVASCRIPT_ACTIONS_TO_NODE24: true
2026-03-24T04:29:55.1471615Z   GITHUB_REPO_NAME: openclaw/openclaw
2026-03-24T04:29:55.1471725Z ##[endgroup]
2026-03-24T04:29:55.5556501Z ##[group]Run actions/cache@v5
2026-03-24T04:29:55.5556614Z with:
2026-03-24T04:29:55.5556713Z   path: /home/runner/.local/share/pnpm/store/v10
2026-03-24T04:29:55.5557061Z   key: Linux-pnpm-store-node24-a9d11a31fabdab687adef1433ece143abd7fd65b7d5f4990118d91741f2a6355
2026-03-24T04:29:55.5557290Z   restore-keys: Linux-pnpm-store-node24-

2026-03-24T04:29:55.5557412Z   enableCrossOsArchive: false
2026-03-24T04:29:55.5557524Z   fail-on-cache-miss: false
2026-03-24T04:29:55.5557619Z   lookup-only: false
2026-03-24T04:29:55.5557713Z   save-always: false
2026-03-24T04:29:55.5557799Z env:
2026-03-24T04:29:55.5557887Z   FORCE_JAVASCRIPT_ACTIONS_TO_NODE24: true
2026-03-24T04:29:55.5558013Z   GITHUB_REPO_NAME: openclaw/openclaw
2026-03-24T04:29:55.5558118Z ##[endgroup]
2026-03-24T04:29:55.7113951Z Cache not found for input keys: Linux-pnpm-store-node24-a9d11a31fabdab687adef1433ece143abd7fd65b7d5f4990118d91741f2a6355, Linux-pnpm-store-node24-
2026-03-24T04:29:55.7174393Z ##[group]Run oven-sh/setup-bun@v2.2.0
2026-03-24T04:29:55.7174511Z with:
2026-03-24T04:29:55.7174594Z   bun-version: 1.3.9
2026-03-24T04:29:55.7174684Z   no-cache: false
2026-03-24T04:29:55.7174818Z   token: ***
2026-03-24T04:29:55.7174898Z env:
2026-03-24T04:29:55.7174984Z   FORCE_JAVASCRIPT_ACTIONS_TO_NODE24: true
2026-03-24T04:29:55.7175109Z   GITHUB_REPO_NAME: openclaw/openclaw
2026-03-24T04:29:55.7175218Z ##[endgroup]
2026-03-24T04:29:55.8598266Z Cache hit for: bun-AuUSW9alPX0VpeQncP5B/2hJwOM=
2026-03-24T04:29:55.9894648Z Received 35769346 of 35769346 (100.0%), 341.1 MBs/sec
2026-03-24T04:29:55.9894899Z Cache Size: ~34 MB (35769346 B)
2026-03-24T04:29:55.9907353Z [command]/usr/bin/tar -xf /home/runner/_work/_temp/797140db-f574-41c6-a9bc-751bbcdf2327/cache.tzst -P -C /home/runner/_work/openclaw/openclaw --use-compress-program unzstd
2026-03-24T04:29:56.0668667Z Cache restored successfully
2026-03-24T04:29:56.0689092Z [command]/home/runner/.bun/bin/bun --revision
2026-03-24T04:29:56.0708087Z 1.3.9+cf6cdbbba
2026-03-24T04:29:56.0711139Z Using a cached version of Bun: 1.3.9+cf6cdbbba
2026-03-24T04:29:56.0758436Z ##[group]Run node -v
2026-03-24T04:29:56.0758560Z [36;1mnode -v[0m
2026-03-24T04:29:56.0758760Z [36;1mnpm -v[0m
2026-03-24T04:29:56.0758846Z [36;1mpnpm -v[0m
2026-03-24T04:29:56.0758954Z [36;1mif command -v bun &>/dev/null; then bun -v; fi[0m
2026-03-24T04:29:56.0767576Z shell: /usr/bin/bash --noprofile --norc -e -o pipefail {0}
2026-03-24T04:29:56.0767717Z env:
2026-03-24T04:29:56.0767811Z   FORCE_JAVASCRIPT_ACTIONS_TO_NODE24: true
2026-03-24T04:29:56.0767935Z   GITHUB_REPO_NAME: openclaw/openclaw
2026-03-24T04:29:56.0768044Z ##[endgroup]
2026-03-24T04:29:56.0801612Z v24.13.0
2026-03-24T04:29:56.1134334Z npm warn Unknown project config "node-linker". This will stop working in the next major version of npm.
2026-03-24T04:29:56.1138144Z 11.6.2
2026-03-24T04:29:56.2280378Z 10.23.0
2026-03-24T04:29:56.2315558Z 1.3.9
2026-03-24T04:29:56.2329400Z ##[group]Run echo "NODE_BIN=$(dirname "$(node -p "process.execPath")")" >> "$GITHUB_ENV"
2026-03-24T04:29:56.2329706Z [36;1mecho "NODE_BIN=$(dirname "$(node -p "process.execPath")")" >> "$GITHUB_ENV"[0m
2026-03-24T04:29:56.2338180Z shell: /usr/bin/bash --noprofile --norc -e -o pipefail {0}
2026-03-24T04:29:56.2338318Z env:
2026-03-24T04:29:56.2338412Z   FORCE_JAVASCRIPT_ACTIONS_TO_NODE24: true
2026-03-24T04:29:56.2338533Z   GITHUB_REPO_NAME: openclaw/openclaw
2026-03-24T04:29:56.2338638Z ##[endgroup]
2026-03-24T04:29:56.2473694Z ##[group]Run set -euo pipefail
2026-03-24T04:29:56.2473832Z [36;1mset -euo pipefail[0m
2026-03-24T04:29:56.2473942Z [36;1mexport PATH="$NODE_BIN:$PATH"[0m
2026-03-24T04:29:56.2474050Z [36;1mwhich node[0m
2026-03-24T04:29:56.2474148Z [36;1mnode -v[0m
2026-03-24T04:29:56.2474228Z [36;1mpnpm -v[0m
2026-03-24T04:29:56.2474319Z [36;1mcase "$FROZEN_LOCKFILE" in[0m
2026-03-24T04:29:56.2474451Z [36;1m  true) LOCKFILE_FLAG="--frozen-lockfile" ;;[0m
2026-03-24T04:29:56.2474588Z [36;1m  false) LOCKFILE_FLAG="" ;;[0m
2026-03-24T04:29:56.2474693Z [36;1m  *)[0m
2026-03-24T04:29:56.2474857Z [36;1m    echo "::error::Invalid frozen-lockfile input: '$FROZEN_LOCKFILE' (expected true or false)"[0m
2026-03-24T04:29:56.2475053Z [36;1m    exit 2[0m
2026-03-24T04:29:56.2475137Z [36;1m    ;;[0m
2026-03-24T04:29:56.2475217Z [36;1mesac[0m
2026-03-24T04:29:56.2475291Z [36;1m[0m
2026-03-24T04:29:56.2475371Z [36;1minstall_args=([0m
2026-03-24T04:29:56.2475461Z [36;1m  install[0m
2026-03-24T04:29:56.2475559Z [36;1m  --ignore-scripts=false[0m
2026-03-24T04:29:56.2475674Z [36;1m  --config.engine-strict=false[0m
2026-03-24T04:29:56.2475804Z [36;1m  --config.enable-pre-post-scripts=true[0m
2026-03-24T04:29:56.2475931Z [36;1m)[0m
2026-03-24T04:29:56.2476016Z [36;1mif [ -n "$LOCKFILE_FLAG" ]; then[0m
2026-03-24T04:29:56.2476138Z [36;1m  install_args+=("$LOCKFILE_FLAG")[0m
2026-03-24T04:29:56.2476243Z [36;1mfi[0m
2026-03-24T04:29:56.2476357Z [36;1mpnpm "${install_args[@]}" || pnpm "${install_args[@]}"[0m
2026-03-24T04:29:56.2482777Z shell: /usr/bin/bash --noprofile --norc -e -o pipefail {0}
2026-03-24T04:29:56.2482909Z env:
2026-03-24T04:29:56.2483001Z   FORCE_JAVASCRIPT_ACTIONS_TO_NODE24: true
2026-03-24T04:29:56.2483131Z   GITHUB_REPO_NAME: openclaw/openclaw
2026-03-24T04:29:56.2483259Z   NODE_BIN: /opt/hostedtoolcache/node/24.13.0/x64/bin
2026-03-24T04:29:56.2483380Z   CI: true
2026-03-24T04:29:56.2483455Z   FROZEN_LOCKFILE: true
2026-03-24T04:29:56.2483546Z ##[endgroup]
2026-03-24T04:29:56.2503542Z /opt/hostedtoolcache/node/24.13.0/x64/bin/node
2026-03-24T04:29:56.2516940Z v24.13.0
2026-03-24T04:29:56.3613888Z 10.23.0
2026-03-24T04:29:56.4955174Z Scope: all 79 workspace projects
2026-03-24T04:29:56.5289953Z Lockfile is up to date, resolution step is skipped
2026-03-24T04:29:56.6129303Z Packages: +1249
2026-03-24T04:29:56.6129721Z ++++++++++++++++++++++++++++++++++++++++++++++++++++++++++++++++++++++++++++++++
2026-03-24T04:29:56.6852232Z Progress: resolved 0, reused 0, downloaded 1, added 0
2026-03-24T04:29:57.6856250Z Progress: resolved 0, reused 0, downloaded 255, added 256
2026-03-24T04:29:58.6880649Z Progress: resolved 0, reused 0, downloaded 406, added 397
2026-03-24T04:29:59.6878458Z Progress: resolved 0, reused 0, downloaded 640, added 642
2026-03-24T04:30:00.4840194Z Packages are hard linked from the content-addressable store to the virtual store.
2026-03-24T04:30:00.4840565Z   Content-addressable store is at: /home/runner/.local/share/pnpm/store/v10
2026-03-24T04:30:00.4840788Z   Virtual store is at:             node_modules/.pnpm
2026-03-24T04:30:00.6870845Z Progress: resolved 0, reused 0, downloaded 791, added 808
2026-03-24T04:30:01.7167811Z Progress: resolved 0, reused 0, downloaded 1202, added 1248
2026-03-24T04:30:01.8354706Z Progress: resolved 0, reused 0, downloaded 1202, added 1249, done
2026-03-24T04:30:01.8455296Z node_modules/protobufjs postinstall$ node scripts/postinstall
2026-03-24T04:30:01.8661000Z node_modules/sharp install$ node install/check.js || npm run build
2026-03-24T04:30:01.8668267Z node_modules/esbuild postinstall$ node install.js
2026-03-24T04:30:01.8802825Z .../@matrix-org/matrix-sdk-crypto-nodejs postinstall$ node download-lib.js
2026-03-24T04:30:01.9066802Z node_modules/protobufjs postinstall: Done
2026-03-24T04:30:01.9103605Z node_modules/esbuild postinstall: Done
2026-03-24T04:30:01.9139365Z node_modules/@tloncorp/tlon-skill postinstall$ node scripts/postinstall.js
2026-03-24T04:30:01.9674048Z node_modules/node-llama-cpp postinstall$ node ./dist/cli/cli.js postinstall
2026-03-24T04:30:01.9898900Z .../@matrix-org/matrix-sdk-crypto-nodejs postinstall: Downloading lib matrix-sdk-crypto.linux-x64-gnu.node from https://github.com/matrix-org/matrix-rust-sdk-crypto-nodejs/releases/download/v0.4.0/matrix-sdk-crypto.linux-x64-gnu.node
2026-03-24T04:30:01.9907221Z node_modules/@tloncorp/tlon-skill postinstall: [tlon-skill] Binary ready: /home/runner/_work/openclaw/openclaw/node_modules/@tloncorp/tlon-skill-linux-x64/tlon
2026-03-24T04:30:01.9907948Z node_modules/@tloncorp/tlon-skill postinstall: Done
2026-03-24T04:30:01.9919768Z .../libsignal/node_modules/protobufjs postinstall$ node scripts/postinstall
2026-03-24T04:30:02.0351166Z .../libsignal/node_modules/protobufjs postinstall: Done
2026-03-24T04:30:02.0528772Z node_modules/sharp install: Done
2026-03-24T04:30:02.1497214Z .../@matrix-org/matrix-sdk-crypto-nodejs postinstall: Download Completed
2026-03-24T04:30:02.1532421Z .../@matrix-org/matrix-sdk-crypto-nodejs postinstall: Done
2026-03-24T04:30:03.3106569Z node_modules/node-llama-cpp postinstall: [node-llama-cpp] The prebuilt binary for platform "linux" "x64" with Vulkan support is not compatible with the current system, falling back to using no GPU
2026-03-24T04:30:03.5249921Z node_modules/node-llama-cpp postinstall: Done
2026-03-24T04:30:03.6465662Z node_modules/@whiskeysockets/baileys preinstall$ node ./engine-requirements.js
2026-03-24T04:30:03.6766580Z node_modules/@whiskeysockets/baileys preinstall: Done
2026-03-24T04:30:03.8847010Z 
2026-03-24T04:30:03.9743964Z . prepare$ command -v git >/dev/null 2>&1 && git rev-parse --is-inside-work-tree >/dev/null 2>&1 && git config core.hooksPath git-hooks || exit 0
2026-03-24T04:30:03.9928108Z . prepare: Done
2026-03-24T04:30:04.0240983Z Done in 7.6s using pnpm v10.23.0
2026-03-24T04:30:04.0867540Z ##[group]Run actions/download-artifact@v8
2026-03-24T04:30:04.0867749Z with:
2026-03-24T04:30:04.0867854Z   name: canvas-a2ui-bundle
2026-03-24T04:30:04.0867969Z   path: src/canvas-host/a2ui/
2026-03-24T04:30:04.0868087Z   merge-multiple: false
2026-03-24T04:30:04.0868196Z   repository: openclaw/openclaw
2026-03-24T04:30:04.0868302Z   run-id: 23473133981
2026-03-24T04:30:04.0868408Z   skip-decompress: false
2026-03-24T04:30:04.0868514Z   digest-mismatch: error
2026-03-24T04:30:04.0868609Z env:
2026-03-24T04:30:04.0868709Z   FORCE_JAVASCRIPT_ACTIONS_TO_NODE24: true
2026-03-24T04:30:04.0868849Z   GITHUB_REPO_NAME: openclaw/openclaw
2026-03-24T04:30:04.0868988Z   NODE_BIN: /opt/hostedtoolcache/node/24.13.0/x64/bin
2026-03-24T04:30:04.0869133Z ##[endgroup]
2026-03-24T04:30:04.2080679Z Downloading single artifact
2026-03-24T04:30:04.5816744Z Preparing to download the following artifacts:
2026-03-24T04:30:04.5817632Z - canvas-a2ui-bundle (ID: 6073271110, Size: 112070, Expected Digest: sha256:ca3432ac45fa8250f934c306a60884084f08906bf585fa40582c8b72be72fd46)
2026-03-24T04:30:05.1882847Z Redirecting to blob download url: https://productionresultssa12.blob.core.windows.net/actions-results/7f2a0c8d-4fe5-4681-b49b-480f06d7a0be/workflow-job-run-36b31f04-b47e-51f4-bf7b-852b9ecc438d/artifacts/66af1819d107d6d8c8e7eb78053f77f0f89a858ef784cd4450fca31b7da8fe1e.zip
2026-03-24T04:30:05.1883676Z Starting download of artifact to: /home/runner/_work/openclaw/openclaw/src/canvas-host/a2ui
2026-03-24T04:30:05.5579806Z (node:3960) [DEP0005] DeprecationWarning: Buffer() is deprecated due to security and usability issues. Please use the Buffer.alloc(), Buffer.allocUnsafe(), or Buffer.from() methods instead.
2026-03-24T04:30:05.5580326Z (Use `node --trace-deprecation ...` to show where the warning was created)
2026-03-24T04:30:05.8156371Z SHA256 digest of downloaded artifact is ca3432ac45fa8250f934c306a60884084f08906bf585fa40582c8b72be72fd46
2026-03-24T04:30:05.8157033Z Artifact download completed successfully.
2026-03-24T04:30:05.8157224Z Total of 1 artifact(s) downloaded
2026-03-24T04:30:05.8163799Z Download artifact has finished successfully
2026-03-24T04:30:05.8251012Z ##[group]Run OPENCLAW_TEST_ISOLATE=1 bunx vitest run --config vitest.unit.config.ts --shard 2/2
2026-03-24T04:30:05.8251527Z [36;1mOPENCLAW_TEST_ISOLATE=1 bunx vitest run --config vitest.unit.config.ts --shard 2/2[0m
2026-03-24T04:30:05.8281251Z shell: /usr/bin/bash -e {0}
2026-03-24T04:30:05.8281555Z env:
2026-03-24T04:30:05.8281841Z   FORCE_JAVASCRIPT_ACTIONS_TO_NODE24: true
2026-03-24T04:30:05.8281997Z   GITHUB_REPO_NAME: openclaw/openclaw
2026-03-24T04:30:05.8282633Z   NODE_BIN: /opt/hostedtoolcache/node/24.13.0/x64/bin
2026-03-24T04:30:05.8282792Z ##[endgroup]
2026-03-24T04:30:06.0706320Z 
2026-03-24T04:30:06.0707792Z [1m[46m RUN [49m[22m [36mv4.1.0 [39m[90m/home/runner/_work/openclaw/openclaw[39m
2026-03-24T04:30:06.0707990Z 
2026-03-24T04:30:12.1545710Z  [32m✓[39m src/security/audit.test.ts [2m([22m[2m73 tests[22m[2m)[22m[32m 250[2mms[22m[39m
2026-03-24T04:30:15.2182932Z  [32m✓[39m src/acp/control-plane/manager.test.ts [2m([22m[2m36 tests[22m[2m)[22m[33m 351[2mms[22m[39m
2026-03-24T04:30:15.4018778Z  [32m✓[39m src/cron/service.issue-regressions.test.ts [2m([22m[2m39 tests[22m[2m)[22m[33m 3202[2mms[22m[39m
2026-03-24T04:30:15.4019539Z      [33m[2m✓[22m[39m treats persisted due jobs with missing enabled as runnable [33m 318[2mms[22m[39m
2026-03-24T04:30:17.0875803Z  [32m✓[39m src/channels/plugins/setup-wizard-helpers.test.ts [2m([22m[2m88 tests[22m[2m)[22m[32m 21[2mms[22m[39m
2026-03-24T04:30:17.2863406Z  [32m✓[39m src/node-host/invoke-system-run.test.ts [2m([22m[2m39 tests[22m[2m)[22m[32m 56[2mms[22m[39m
2026-03-24T04:30:19.2372275Z  [32m✓[39m src/cli/config-cli.test.ts [2m([22m[2m48 tests[22m[2m)[22m[32m 173[2mms[22m[39m
2026-03-24T04:30:21.6258818Z  [32m✓[39m src/cli/update-cli.test.ts [2m([22m[2m25 tests[22m[2m)[22m[32m 28[2mms[22m[39m
2026-03-24T04:30:23.7651863Z  [32m✓[39m src/secrets/runtime.test.ts [2m([22m[2m55 tests[22m[2m)[22m[33m 11973[2mms[22m[39m
2026-03-24T04:30:23.7652409Z      [33m[2m✓[22m[39m keeps explicit keyRef when inline key SecretRef is also present [33m 405[2mms[22m[39m
2026-03-24T04:30:23.7652836Z      [33m[2m✓[22m[39m treats gateway.remote.password ref as active in local mode when password can win [33m 390[2mms[22m[39m
2026-03-24T04:30:23.7653270Z      [33m[2m✓[22m[39m treats top-level IRC nickserv password refs as inactive when nickserv is disabled [33m 350[2mms[22m[39m
2026-03-24T04:30:23.9941346Z  [32m✓[39m src/media-understanding/apply.test.ts [2m([22m[2m32 tests[22m[2m)[22m[33m 368[2mms[22m[39m
2026-03-24T04:30:25.8614354Z  [32m✓[39m src/acp/translator.session-rate-limit.test.ts [2m([22m[2m21 tests[22m[2m)[22m[32m 18[2mms[22m[39m
2026-03-24T04:30:28.1810550Z  [32m✓[39m src/config/redact-snapshot.test.ts [2m([22m[2m28 tests[22m[2m)[22m[32m 21[2mms[22m[39m
2026-03-24T04:30:30.1383439Z  [32m✓[39m src/infra/outbound/deliver.test.ts [2m([22m[2m44 tests[22m[2m)[22m[33m 10516[2mms[22m[39m
2026-03-24T04:30:30.1385371Z      [33m[2m✓[22m[39m chunks telegram markdown and passes through accountId [33m 353[2mms[22m[39m
2026-03-24T04:30:30.1385972Z      [33m[2m✓[22m[39m clamps telegram text chunk size to protocol max even with higher config [33m 304[2mms[22m[39m
2026-03-24T04:30:30.1386479Z      [33m[2m✓[22m[39m preserves HTML text for telegram sendPayload channelData path [33m 346[2mms[22m[39m
2026-03-24T04:30:30.1386943Z      [33m[2m✓[22m[39m scopes media local roots to the active agent workspace when agentId is provided [33m 384[2mms[22m[39m
2026-03-24T04:30:30.1387393Z      [33m[2m✓[22m[39m emits internal message:sent hook with success=true for chunked payload delivery [33m 435[2mms[22m[39m
2026-03-24T04:30:30.4609028Z  [32m✓[39m src/channels/plugins/plugins-core.test.ts [2m([22m[2m42 tests[22m[2m)[22m[32m 73[2mms[22m[39m
2026-03-24T04:30:30.9273116Z [90mstderr[2m | ui/src/ui/views/chat.test.ts
2026-03-24T04:30:30.9273594Z [22m[39mLit is in dev mode. Not recommended for production! See https://lit.dev/msg/dev-mode for more information.
2026-03-24T04:30:30.9273807Z 
2026-03-24T04:30:31.3286866Z  [32m✓[39m ui/src/ui/views/chat.test.ts [2m([22m[2m32 tests[22m[2m)[22m[32m 184[2mms[22m[39m
2026-03-24T04:30:32.0104263Z  [32m✓[39m src/infra/run-node.test.ts [2m([22m[2m12 tests[22m[2m)[22m[32m 43[2mms[22m[39m
2026-03-24T04:30:32.4138992Z  [32m✓[39m src/plugins/conversation-binding.test.ts [2m([22m[2m15 tests[22m[2m)[22m[32m 130[2mms[22m[39m
2026-03-24T04:30:33.0758879Z  [32m✓[39m src/config/schema.help.quality.test.ts [2m([22m[2m20 tests[22m[2m)[22m[32m 38[2mms[22m[39m
2026-03-24T04:30:33.7864253Z  [32m✓[39m src/plugins/manifest-registry.test.ts [2m([22m[2m26 tests[22m[2m)[22m[32m 47[2mms[22m[39m
2026-03-24T04:30:34.1637383Z  [32m✓[39m src/acp/client.test.ts [2m([22m[2m44 tests[22m[2m)[22m[32m 25[2mms[22m[39m
2026-03-24T04:30:34.9109533Z  [32m✓[39m src/config/sessions.test.ts [2m([22m[2m37 tests[22m[2m)[22m[32m 62[2mms[22m[39m
2026-03-24T04:30:35.6478444Z  [32m✓[39m src/routing/resolve-route.test.ts [2m([22m[2m41 tests[22m[2m)[22m[32m 119[2mms[22m[39m
2026-03-24T04:30:36.9163276Z  [32m✓[39m src/cli/cron-cli.test.ts [2m([22m[2m42 tests[22m[2m)[22m[32m 33[2mms[22m[39m
2026-03-24T04:30:37.3930828Z  [32m✓[39m src/infra/outbound/outbound.test.ts [2m([22m[2m29 tests[22m[2m)[22m[32m 18[2mms[22m[39m
2026-03-24T04:30:38.6849128Z  [32m✓[39m src/plugins/discovery.test.ts [2m([22m[2m25 tests[22m[2m)[22m[32m 24[2mms[22m[39m
2026-03-24T04:30:39.5091221Z  [32m✓[39m src/infra/session-cost-usage.test.ts [2m([22m[2m16 tests[22m[2m)[22m[32m 34[2mms[22m[39m
2026-03-24T04:30:40.5504130Z  [32m✓[39m src/security/windows-acl.test.ts [2m([22m[2m48 tests[22m[2m)[22m[32m 106[2mms[22m[39m
2026-03-24T04:30:41.2970415Z  [32m✓[39m src/plugin-sdk/subpaths.test.ts [2m([22m[2m6 tests[22m[2m)[22m[32m 10[2mms[22m[39m
2026-03-24T04:30:42.2972306Z  [32m✓[39m src/config/includes.test.ts [2m([22m[2m26 tests[22m[2m)[22m[32m 19[2mms[22m[39m
2026-03-24T04:30:42.5862499Z  [32m✓[39m src/memory/embeddings.test.ts [2m([22m[2m19 tests[22m[2m)[22m[33m 5030[2mms[22m[39m
2026-03-24T04:30:42.5863168Z      [33m[2m✓[22m[39m builds Mistral embeddings requests with bearer auth [33m 367[2mms[22m[39m
2026-03-24T04:30:42.5863798Z      [33m[2m✓[22m[39m loads the model only once when embedBatch is called concurrently [33m 508[2mms[22m[39m
2026-03-24T04:30:42.5864280Z      [33m[2m✓[22m[39m retries initialization after a transient ensureContext failure [33m 444[2mms[22m[39m
2026-03-24T04:30:42.5866520Z      [33m[2m✓[22m[39m shares initialization when embedQuery and embedBatch start concurrently [33m 530[2mms[22m[39m
2026-03-24T04:30:43.2651647Z  [32m✓[39m src/infra/outbound/targets.test.ts [2m([22m[2m49 tests[22m[2m)[22m[32m 13[2mms[22m[39m
2026-03-24T04:30:44.0490331Z  [32m✓[39m src/daemon/service-env.test.ts [2m([22m[2m59 tests[22m[2m)[22m[32m 11[2mms[22m[39m
2026-03-24T04:30:44.4913638Z  [32m✓[39m src/plugins/sdk-alias.test.ts [2m([22m[2m24 tests[22m[2m)[22m[32m 141[2mms[22m[39m
2026-03-24T04:30:45.1199512Z  [32m✓[39m src/channels/plugins/group-policy-warnings.test.ts [2m([22m[2m25 tests[22m[2m)[22m[32m 9[2mms[22m[39m
2026-03-24T04:30:45.9820977Z  [32m✓[39m ui/src/ui/controllers/chat.test.ts [2m([22m[2m28 tests[22m[2m)[22m[32m 12[2mms[22m[39m
2026-03-24T04:30:46.2947724Z  [32m✓[39m src/infra/outbound/message-action-runner.plugin-dispatch.test.ts [2m([22m[2m11 tests[22m[2m)[22m[32m 22[2mms[22m[39m
2026-03-24T04:30:46.8763174Z  [32m✓[39m src/cron/service.jobs.test.ts [2m([22m[2m35 tests[22m[2m)[22m[32m 16[2mms[22m[39m
2026-03-24T04:30:47.8731064Z  [32m✓[39m src/hooks/bundled/session-memory/handler.test.ts [2m([22m[2m17 tests[22m[2m)[22m[32m 109[2mms[22m[39m
2026-03-24T04:30:48.1685049Z  [32m✓[39m src/cli/memory-cli.test.ts [2m([22m[2m24 tests[22m[2m)[22m[32m 53[2mms[22m[39m
2026-03-24T04:30:48.7993930Z  [32m✓[39m src/memory/embeddings-gemini.test.ts [2m([22m[2m31 tests[22m[2m)[22m[32m 224[2mms[22m[39m
2026-03-24T04:30:49.7709828Z  [32m✓[39m src/cron/isolated-agent/delivery-dispatch.double-announce.test.ts [2m([22m[2m15 tests[22m[2m)[22m[32m 116[2mms[22m[39m
2026-03-24T04:30:50.0578965Z  [32m✓[39m src/wizard/setup.test.ts [2m([22m[2m9 tests[22m[2m)[22m[32m 18[2mms[22m[39m
2026-03-24T04:30:50.6082004Z  [32m✓[39m src/media/store.test.ts [2m([22m[2m24 tests[22m[2m)[22m[32m 42[2mms[22m[39m
2026-03-24T04:30:51.6069838Z  [32m✓[39m src/infra/device-pairing.test.ts [2m([22m[2m19 tests[22m[2m)[22m[32m 36[2mms[22m[39m
2026-03-24T04:30:52.0717969Z  [32m✓[39m src/config/config.plugin-validation.test.ts [2m([22m[2m15 tests[22m[2m)[22m[32m 152[2mms[22m[39m
2026-03-24T04:30:52.4240454Z  [32m✓[39m src/wizard/setup.finalize.test.ts [2m([22m[2m6 tests[22m[2m)[22m[32m 14[2mms[22m[39m
2026-03-24T04:30:53.4483186Z  [32m✓[39m src/pairing/pairing-store.test.ts [2m([22m[2m17 tests[22m[2m)[22m[32m 28[2mms[22m[39m
2026-03-24T04:30:53.8136706Z  [32m✓[39m src/security/external-content.test.ts [2m([22m[2m45 tests[22m[2m)[22m[32m 9[2mms[22m[39m
2026-03-24T04:30:54.2177178Z  [32m✓[39m src/cli/gateway-cli/run-loop.test.ts [2m([22m[2m9 tests[22m[2m)[22m[32m 15[2mms[22m[39m
2026-03-24T04:30:55.2088404Z  [32m✓[39m src/channels/status-reactions.test.ts [2m([22m[2m37 tests[22m[2m)[22m[32m 17[2mms[22m[39m
2026-03-24T04:30:55.6281937Z  [32m✓[39m src/plugins/stage-bundled-plugin-runtime.test.ts [2m([22m[2m9 tests[22m[2m)[22m[32m 27[2mms[22m[39m
2026-03-24T04:30:56.1453427Z  [31m❯[39m src/plugin-sdk/channel-import-guardrails.test.ts [2m([22m[2m9 tests[22m[2m | [22m[31m1 failed[39m[2m)[22m[33m 308[2mms[22m[39m
2026-03-24T04:30:56.1453901Z      [32m✓[39m keeps channel helper modules off their own SDK barrels[32m 1[2mms[22m[39m
2026-03-24T04:30:56.1454210Z      [32m✓[39m keeps setup barrels limited to setup primitives[32m 1[2mms[22m[39m
2026-03-24T04:30:56.1454553Z      [32m✓[39m keeps bundled extension source files off root and compat plugin-sdk imports[32m 117[2mms[22m[39m
2026-03-24T04:30:56.1455196Z      [32m✓[39m keeps bundled extension source files off legacy core send-deps src imports[32m 31[2mms[22m[39m
2026-03-24T04:30:56.1559252Z      [32m✓[39m keeps core production files off extension private src imports[32m 64[2mms[22m[39m
2026-03-24T04:30:56.1559716Z      [32m✓[39m keeps extension production files off other extensions' private src imports[32m 29[2mms[22m[39m
2026-03-24T04:30:56.1560141Z [31m     [31m×[31m keeps core extension imports limited to approved public surfaces[39m[32m 17[2mms[22m[39m
2026-03-24T04:30:56.1560567Z      [32m✓[39m keeps extension-to-extension imports limited to approved public surfaces[32m 26[2mms[22m[39m
2026-03-24T04:30:56.1560958Z      [32m✓[39m keeps internalized extension helper surfaces behind local api barrels[32m 19[2mms[22m[39m
2026-03-24T04:30:56.9624174Z  [32m✓[39m src/hooks/internal-hooks.test.ts [2m([22m[2m30 tests[22m[2m)[22m[32m 10[2mms[22m[39m
2026-03-24T04:30:57.3929753Z  [32m✓[39m src/cli/daemon-cli/status.gather.test.ts [2m([22m[2m12 tests[22m[2m)[22m[32m 16[2mms[22m[39m
2026-03-24T04:30:57.8560442Z  [32m✓[39m src/cli/qr-cli.test.ts [2m([22m[2m18 tests[22m[2m)[22m[32m 13[2mms[22m[39m
2026-03-24T04:30:58.8875843Z  [32m✓[39m src/hooks/loader.test.ts [2m([22m[2m14 tests[22m[2m)[22m[32m 142[2mms[22m[39m
2026-03-24T04:30:59.1883987Z  [32m✓[39m src/plugin-sdk/channel-config-helpers.test.ts [2m([22m[2m18 tests[22m[2m)[22m[32m 7[2mms[22m[39m
2026-03-24T04:30:59.5776718Z  [32m✓[39m src/plugins/uninstall.test.ts [2m([22m[2m23 tests[22m[2m)[22m[32m 13[2mms[22m[39m
2026-03-24T04:31:00.6455294Z  [32m✓[39m src/cli/daemon-cli/install.test.ts [2m([22m[2m10 tests[22m[2m)[22m[32m 12[2mms[22m[39m
2026-03-24T04:31:00.8867615Z [90mstderr[2m | src/plugins/copy-bundled-plugin-metadata.test.ts[2m > [22m[2mcopyBundledPluginMetadata[2m > [22m[2momits missing declared skill paths and removes stale generated outputs
2026-03-24T04:31:00.8868365Z [22m[39m[bundled-plugin-metadata] skipping missing skill path /tmp/openclaw-bundled-plugin-missing-skill-WR70EL/node_modules/@tloncorp/tlon-skill (plugin tlon)
2026-03-24T04:31:00.8868652Z 
2026-03-24T04:31:00.9193606Z  [32m✓[39m src/plugins/copy-bundled-plugin-metadata.test.ts [2m([22m[2m10 tests[22m[2m)[22m[32m 27[2mms[22m[39m
2026-03-24T04:31:02.7812773Z  [32m✓[39m src/hooks/install.test.ts [2m([22m[2m13 tests[22m[2m)[22m[33m 350[2mms[22m[39m
2026-03-24T04:31:02.8159972Z  [32m✓[39m src/cron/service.restart-catchup.test.ts [2m([22m[2m8 tests[22m[2m)[22m[32m 24[2mms[22m[39m
2026-03-24T04:31:04.5823177Z  [32m✓[39m src/infra/exec-command-resolution.test.ts [2m([22m[2m8 tests[22m[2m)[22m[32m 11[2mms[22m[39m
2026-03-24T04:31:04.7323677Z  [32m✓[39m src/config/config-misc.test.ts [2m([22m[2m38 tests[22m[2m)[22m[32m 27[2mms[22m[39m
2026-03-24T04:31:06.0305854Z  [32m✓[39m src/config/config.web-search-provider.test.ts [2m([22m[2m24 tests[22m[2m)[22m[33m 4797[2mms[22m[39m
2026-03-24T04:31:06.0306336Z      [33m[2m✓[22m[39m does not warn for legacy brave config when bundled web search allowlist compat applies [33m 327[2mms[22m[39m
2026-03-24T04:31:06.3307672Z  [32m✓[39m src/cli/update-cli/restart-helper.test.ts [2m([22m[2m20 tests[22m[2m)[22m[32m 12[2mms[22m[39m
2026-03-24T04:31:06.6252825Z  [32m✓[39m src/config/schema.test.ts [2m([22m[2m22 tests[22m[2m)[22m[32m 65[2mms[22m[39m
2026-03-24T04:31:07.7278152Z  [32m✓[39m src/infra/exec-approvals-analysis.test.ts [2m([22m[2m17 tests[22m[2m)[22m[32m 14[2mms[22m[39m
2026-03-24T04:31:08.1216557Z  [32m✓[39m src/cli/secrets-cli.test.ts [2m([22m[2m11 tests[22m[2m)[22m[32m 27[2mms[22m[39m
2026-03-24T04:31:08.3452195Z  [32m✓[39m src/plugins/provider-wizard.test.ts [2m([22m[2m12 tests[22m[2m)[22m[32m 7[2mms[22m[39m
2026-03-24T04:31:09.5104142Z  [32m✓[39m src/canvas-host/server.test.ts [2m([22m[2m6 tests[22m[2m)[22m[32m 71[2mms[22m[39m
2026-03-24T04:31:09.9469691Z  [32m✓[39m src/cron/isolated-agent.model-formatting.test.ts [2m([22m[2m22 tests[22m[2m)[22m[32m 9[2mms[22m[39m
2026-03-24T04:31:09.9943000Z  [32m✓[39m src/infra/update-startup.test.ts [2m([22m[2m10 tests[22m[2m)[22m[32m 25[2mms[22m[39m
2026-03-24T04:31:11.2721455Z  [32m✓[39m src/cli/argv.test.ts [2m([22m[2m52 tests[22m[2m)[22m[32m 6[2mms[22m[39m
2026-03-24T04:31:11.8534104Z  [32m✓[39m src/plugins/contracts/registry.contract.test.ts [2m([22m[2m19 tests[22m[2m)[22m[32m 25[2mms[22m[39m
2026-03-24T04:31:12.2192412Z  [32m✓[39m src/secrets/runtime.coverage.test.ts [2m([22m[2m2 tests[22m[2m)[22m[33m 633[2mms[22m[39m
2026-03-24T04:31:12.2193032Z      [33m[2m✓[22m[39m handles every auth-profiles registry target [33m 360[2mms[22m[39m
2026-03-24T04:31:13.6017510Z  [32m✓[39m src/infra/shell-env.test.ts [2m([22m[2m16 tests[22m[2m)[22m[32m 10[2mms[22m[39m
2026-03-24T04:31:13.9916009Z  [32m✓[39m src/cron/isolated-agent/run.skill-filter.test.ts [2m([22m[2m13 tests[22m[2m)[22m[32m 18[2mms[22m[39m
2026-03-24T04:31:14.1135248Z  [32m✓[39m src/media/fetch.telegram-network.test.ts [2m([22m[2m5 tests[22m[2m)[22m[33m 1157[2mms[22m[39m
2026-03-24T04:31:15.3406805Z  [32m✓[39m src/infra/install-package-dir.test.ts [2m([22m[2m5 tests[22m[2m)[22m[32m 19[2mms[22m[39m
2026-03-24T04:31:15.7345024Z  [32m✓[39m src/infra/npm-pack-install.test.ts [2m([22m[2m13 tests[22m[2m)[22m[32m 8[2mms[22m[39m
2026-03-24T04:31:15.7714017Z  [32m✓[39m src/infra/net/fetch-guard.ssrf.test.ts [2m([22m[2m18 tests[22m[2m)[22m[32m 17[2mms[22m[39m
2026-03-24T04:31:16.9479137Z  [32m✓[39m src/cli/channel-auth.test.ts [2m([22m[2m11 tests[22m[2m)[22m[32m 15[2mms[22m[39m
2026-03-24T04:31:17.5504131Z  [32m✓[39m src/infra/provider-usage.test.ts [2m([22m[2m11 tests[22m[2m)[22m[32m 123[2mms[22m[39m
2026-03-24T04:31:17.5871433Z  [32m✓[39m src/tui/gateway-chat.test.ts [2m([22m[2m14 tests[22m[2m)[22m[32m 59[2mms[22m[39m
2026-03-24T04:31:18.5470608Z  [32m✓[39m src/plugin-sdk/root-alias.test.ts [2m([22m[2m13 tests[22m[2m)[22m[32m 10[2mms[22m[39m
2026-03-24T04:31:19.2721810Z  [32m✓[39m src/cli/daemon-cli/lifecycle.test.ts [2m([22m[2m8 tests[22m[2m)[22m[32m 20[2mms[22m[39m
2026-03-24T04:31:19.2964779Z  [32m✓[39m src/infra/channel-summary.test.ts [2m([22m[2m7 tests[22m[2m)[22m[32m 6[2mms[22m[39m
2026-03-24T04:31:20.2557223Z  [32m✓[39m src/infra/fetch.test.ts [2m([22m[2m16 tests[22m[2m)[22m[32m 13[2mms[22m[39m
2026-03-24T04:31:21.0288500Z  [32m✓[39m src/infra/format-time/format-time.test.ts [2m([22m[2m42 tests[22m[2m)[22m[32m 12[2mms[22m[39m
2026-03-24T04:31:21.9071099Z  [32m✓[39m src/config/sessions/targets.test.ts [2m([22m[2m13 tests[22m[2m)[22m[32m 25[2mms[22m[39m
2026-03-24T04:31:22.8334351Z  [32m✓[39m src/infra/control-ui-assets.test.ts [2m([22m[2m14 tests[22m[2m)[22m[32m 46[2mms[22m[39m
2026-03-24T04:31:22.9491182Z  [32m✓[39m src/infra/outbound/message.channels.test.ts [2m([22m[2m8 tests[22m[2m)[22m[33m 1913[2mms[22m[39m
2026-03-24T04:31:22.9491889Z      [33m[2m✓[22m[39m threads resolved cfg through alias + target normalization in outbound dispatch [33m 325[2mms[22m[39m
2026-03-24T04:31:23.6613277Z  [32m✓[39m src/plugins/contracts/auth.contract.test.ts [2m([22m[2m5 tests[22m[2m)[22m[32m 9[2mms[22m[39m
2026-03-24T04:31:24.5536966Z  [32m✓[39m src/infra/push-apns.store.test.ts [2m([22m[2m7 tests[22m[2m)[22m[32m 17[2mms[22m[39m
2026-03-24T04:31:24.5744555Z  [32m✓[39m src/channels/plugins/account-helpers.test.ts [2m([22m[2m31 tests[22m[2m)[22m[32m 9[2mms[22m[39m
2026-03-24T04:31:25.3736773Z  [32m✓[39m src/node-host/invoke-browser.test.ts [2m([22m[2m10 tests[22m[2m)[22m[32m 54[2mms[22m[39m
2026-03-24T04:31:26.2023180Z  [32m✓[39m src/channels/plugins/setup-helpers.test.ts [2m([22m[2m12 tests[22m[2m)[22m[32m 13[2mms[22m[39m
2026-03-24T04:31:26.3210995Z  [32m✓[39m src/cli/program.force.test.ts [2m([22m[2m15 tests[22m[2m)[22m[32m 10[2mms[22m[39m
2026-03-24T04:31:27.0688941Z  [32m✓[39m src/infra/exec-wrapper-resolution.test.ts [2m([22m[2m60 tests[22m[2m)[22m[32m 10[2mms[22m[39m
2026-03-24T04:31:27.9103126Z  [32m✓[39m src/plugins/wired-hooks-compaction.test.ts [2m([22m[2m8 tests[22m[2m)[22m[32m 26[2mms[22m[39m
2026-03-24T04:31:28.0236141Z [90mstderr[2m | src/channels/typing.test.ts[2m > [22m[2mcreateTypingCallbacks[2m > [22m[2mTTL safety[2m > [22m[2muses default 60s TTL when not specified
2026-03-24T04:31:28.0237039Z [22m[39m[typing] TTL exceeded (60000ms), auto-stopping typing indicator
2026-03-24T04:31:28.0237199Z 
2026-03-24T04:31:28.0258795Z  [32m✓[39m src/channels/typing.test.ts [2m([22m[2m14 tests[22m[2m)[22m[32m 12[2mms[22m[39m
2026-03-24T04:31:28.7978496Z  [32m✓[39m src/cron/isolated-agent/session.test.ts [2m([22m[2m10 tests[22m[2m)[22m[32m 5[2mms[22m[39m
2026-03-24T04:31:29.6602154Z  [32m✓[39m src/infra/bonjour-discovery.test.ts [2m([22m[2m4 tests[22m[2m)[22m[32m 7[2mms[22m[39m
2026-03-24T04:31:29.8537022Z  [32m✓[39m src/plugin-sdk/runtime-api-guardrails.test.ts [2m([22m[2m1 test[22m[2m)[22m[32m 13[2mms[22m[39m
2026-03-24T04:31:30.5453556Z  [32m✓[39m src/cli/skills-cli.test.ts [2m([22m[2m15 tests[22m[2m)[22m[32m 7[2mms[22m[39m
2026-03-24T04:31:31.4235996Z  [32m✓[39m src/plugin-sdk/status-helpers.test.ts [2m([22m[2m16 tests[22m[2m)[22m[32m 5[2mms[22m[39m
2026-03-24T04:31:31.5749463Z  [32m✓[39m src/security/fix.test.ts [2m([22m[2m5 tests[22m[2m)[22m[32m 32[2mms[22m[39m
2026-03-24T04:31:32.2500653Z  [32m✓[39m src/infra/exec-obfuscation-detect.test.ts [2m([22m[2m31 tests[22m[2m)[22m[32m 8[2mms[22m[39m
2026-03-24T04:31:33.1707881Z  [32m✓[39m src/infra/outbound/delivery-queue.recovery.test.ts [2m([22m[2m11 tests[22m[2m)[22m[32m 28[2mms[22m[39m
2026-03-24T04:31:33.2072360Z  [32m✓[39m src/cron/isolated-agent/run.cron-model-override.test.ts [2m([22m[2m6 tests[22m[2m)[22m[32m 13[2mms[22m[39m
2026-03-24T04:31:33.9482209Z  [32m✓[39m src/infra/matrix-legacy-state.test.ts [2m([22m[2m6 tests[22m[2m)[22m[32m 15[2mms[22m[39m
2026-03-24T04:31:35.4211035Z  [32m✓[39m src/infra/process-respawn.test.ts [2m([22m[2m15 tests[22m[2m)[22m[32m 29[2mms[22m[39m
2026-03-24T04:31:35.8633351Z  [32m✓[39m src/media-understanding/image.test.ts [2m([22m[2m4 tests[22m[2m)[22m[33m 625[2mms[22m[39m
2026-03-24T04:31:36.5832242Z  [32m✓[39m src/infra/provider-usage.fetch.claude.test.ts [2m([22m[2m13 tests[22m[2m)[22m[32m 31[2mms[22m[39m
2026-03-24T04:31:37.7076257Z  [32m✓[39m src/hooks/message-hooks.test.ts [2m([22m[2m12 tests[22m[2m)[22m[32m 8[2mms[22m[39m
2026-03-24T04:31:37.8809689Z  [32m✓[39m src/config/config.sandbox-docker.test.ts [2m([22m[2m21 tests[22m[2m)[22m[32m 14[2mms[22m[39m
2026-03-24T04:31:38.4783727Z  [32m✓[39m src/cron/service.read-ops-nonblocking.test.ts [2m([22m[2m3 tests[22m[2m)[22m[32m 15[2mms[22m[39m
2026-03-24T04:31:39.5004490Z  [32m✓[39m src/config/redact-snapshot.restore.test.ts [2m([22m[2m13 tests[22m[2m)[22m[32m 7[2mms[22m[39m
2026-03-24T04:31:39.6190052Z  [32m✓[39m src/channels/plugins/acp-bindings.test.ts [2m([22m[2m6 tests[22m[2m)[22m[32m 24[2mms[22m[39m
2026-03-24T04:31:40.2101539Z  [32m✓[39m src/plugins/bundle-manifest.test.ts [2m([22m[2m8 tests[22m[2m)[22m[32m 10[2mms[22m[39m
2026-03-24T04:31:41.2484291Z  [32m✓[39m src/infra/exec-approvals-store.test.ts [2m([22m[2m8 tests[22m[2m)[22m[32m 18[2mms[22m[39m
2026-03-24T04:31:41.2859205Z  [32m✓[39m src/plugins/contracts/auth-choice.contract.test.ts [2m([22m[2m3 tests[22m[2m)[22m[32m 31[2mms[22m[39m
2026-03-24T04:31:41.9504672Z  [32m✓[39m src/cli/daemon-cli.coverage.test.ts [2m([22m[2m5 tests[22m[2m)[22m[32m 25[2mms[22m[39m
2026-03-24T04:31:43.0659588Z  [32m✓[39m src/channels/plugins/contracts/inbound.contract.test.ts [2m([22m[2m5 tests[22m[2m)[22m[32m 19[2mms[22m[39m
2026-03-24T04:31:43.2412560Z  [32m✓[39m src/cron/service.issue-13992-regression.test.ts [2m([22m[2m9 tests[22m[2m)[22m[32m 10[2mms[22m[39m
2026-03-24T04:31:43.5263883Z  [32m✓[39m src/shared/text/reasoning-tags.test.ts [2m([22m[2m14 tests[22m[2m)[22m[32m 7[2mms[22m[39m
2026-03-24T04:31:44.8511398Z  [32m✓[39m src/cli/gateway-cli.coverage.test.ts [2m([22m[2m8 tests[22m[2m)[22m[32m 18[2mms[22m[39m
2026-03-24T04:31:44.9483884Z  [32m✓[39m src/cli/program/register.agent.test.ts [2m([22m[2m13 tests[22m[2m)[22m[32m 21[2mms[22m[39m
2026-03-24T04:31:45.3267761Z  [32m✓[39m src/hooks/workspace.test.ts [2m([22m[2m7 tests[22m[2m)[22m[32m 44[2mms[22m[39m
2026-03-24T04:31:46.5408226Z  [32m✓[39m src/infra/matrix-plugin-helper.test.ts [2m([22m[2m4 tests[22m[2m)[22m[32m 26[2mms[22m[39m
2026-03-24T04:31:46.6946839Z  [32m✓[39m src/cron/session-reaper.test.ts [2m([22m[2m16 tests[22m[2m)[22m[32m 21[2mms[22m[39m
2026-03-24T04:31:47.0698943Z  [32m✓[39m src/cli/plugins-cli.update.test.ts [2m([22m[2m8 tests[22m[2m)[22m[32m 9[2mms[22m[39m
2026-03-24T04:31:48.2867789Z  [32m✓[39m src/infra/watch-node.test.ts [2m([22m[2m5 tests[22m[2m)[22m[32m 10[2mms[22m[39m
2026-03-24T04:31:48.3739066Z  [32m✓[39m src/markdown/ir.nested-lists.test.ts [2m([22m[2m18 tests[22m[2m)[22m[32m 15[2mms[22m[39m
2026-03-24T04:31:48.6952698Z  [32m✓[39m src/infra/openclaw-root.test.ts [2m([22m[2m10 tests[22m[2m)[22m[32m 31[2mms[22m[39m
2026-03-24T04:31:49.9730221Z  [32m✓[39m src/cli/daemon-cli/restart-health.test.ts [2m([22m[2m10 tests[22m[2m)[22m[32m 7[2mms[22m[39m
2026-03-24T04:31:50.0898105Z  [32m✓[39m test/openclaw-npm-release-check.test.ts [2m([22m[2m22 tests[22m[2m)[22m[32m 8[2mms[22m[39m
2026-03-24T04:31:50.3579841Z  [32m✓[39m src/config/sessions.cache.test.ts [2m([22m[2m9 tests[22m[2m)[22m[32m 20[2mms[22m[39m
2026-03-24T04:31:51.6800717Z  [32m✓[39m src/config/io.compat.test.ts [2m([22m[2m8 tests[22m[2m)[22m[32m 18[2mms[22m[39m
2026-03-24T04:31:51.7553350Z  [32m✓[39m src/infra/path-env.test.ts [2m([22m[2m7 tests[22m[2m)[22m[32m 6[2mms[22m[39m
2026-03-24T04:31:52.0234607Z  [32m✓[39m src/channels/plugins/message-capability-matrix.test.ts [2m([22m[2m4 tests[22m[2m)[22m[32m 4[2mms[22m[39m
2026-03-24T04:31:53.5650248Z  [32m✓[39m src/tui/tui.test.ts [2m([22m[2m24 tests[22m[2m)[22m[32m 17[2mms[22m[39m
2026-03-24T04:31:53.8703919Z  [32m✓[39m src/infra/matrix-migration-config.test.ts [2m([22m[2m7 tests[22m[2m)[22m[32m 10[2mms[22m[39m
2026-03-24T04:31:54.2383425Z  [32m✓[39m src/memory/manager.mistral-provider.test.ts [2m([22m[2m3 tests[22m[2m)[22m[33m 726[2mms[22m[39m
2026-03-24T04:31:55.3394311Z  [32m✓[39m src/infra/exec-approval-surface.test.ts [2m([22m[2m5 tests[22m[2m)[22m[32m 12[2mms[22m[39m
2026-03-24T04:31:55.5582229Z  [32m✓[39m src/cli/browser-cli-manage.test.ts [2m([22m[2m5 tests[22m[2m)[22m[32m 8[2mms[22m[39m
2026-03-24T04:31:56.1374540Z  [32m✓[39m src/cron/service.store-migration.test.ts [2m([22m[2m5 tests[22m[2m)[22m[32m 23[2mms[22m[39m
2026-03-24T04:31:56.9318290Z  [32m✓[39m src/tui/tui-command-handlers.test.ts [2m([22m[2m7 tests[22m[2m)[22m[32m 8[2mms[22m[39m
2026-03-24T04:31:57.3293551Z  [32m✓[39m src/infra/tailscale.test.ts [2m([22m[2m13 tests[22m[2m)[22m[32m 10[2mms[22m[39m
2026-03-24T04:31:58.0059017Z  [32m✓[39m src/daemon/schtasks.startup-fallback.test.ts [2m([22m[2m6 tests[22m[2m)[22m[32m 79[2mms[22m[39m
2026-03-24T04:31:58.5886628Z  [32m✓[39m test/release-check.test.ts [2m([22m[2m14 tests[22m[2m)[22m[32m 7[2mms[22m[39m
2026-03-24T04:31:58.9762766Z  [32m✓[39m src/cli/program/message/helpers.test.ts [2m([22m[2m10 tests[22m[2m)[22m[32m 10[2mms[22m[39m
2026-03-24T04:31:59.8985138Z  [32m✓[39m src/security/temp-path-guard.test.ts [2m([22m[2m3 tests[22m[2m)[22m[32m 132[2mms[22m[39m
2026-03-24T04:32:00.3135225Z  [32m✓[39m src/cli/security-cli.test.ts [2m([22m[2m4 tests[22m[2m)[22m[32m 7[2mms[22m[39m
2026-03-24T04:32:00.8459123Z  [32m✓[39m src/acp/server.startup.test.ts [2m([22m[2m4 tests[22m[2m)[22m[32m 167[2mms[22m[39m
2026-03-24T04:32:01.5385238Z  [32m✓[39m src/infra/update-global.test.ts [2m([22m[2m7 tests[22m[2m)[22m[32m 7[2mms[22m[39m
2026-03-24T04:32:02.0245208Z  [32m✓[39m src/channels/channel-config.test.ts [2m([22m[2m17 tests[22m[2m)[22m[32m 6[2mms[22m[39m
2026-03-24T04:32:02.5816083Z  [32m✓[39m src/infra/widearea-dns.test.ts [2m([22m[2m17 tests[22m[2m)[22m[32m 9[2mms[22m[39m
2026-03-24T04:32:03.2657821Z  [32m✓[39m src/daemon/service-audit.test.ts [2m([22m[2m16 tests[22m[2m)[22m[32m 8[2mms[22m[39m
2026-03-24T04:32:03.7735045Z  [32m✓[39m src/infra/install-safe-path.test.ts [2m([22m[2m18 tests[22m[2m)[22m[32m 13[2mms[22m[39m
2026-03-24T04:32:04.2497440Z  [32m✓[39m src/plugin-sdk/webhook-request-guards.test.ts [2m([22m[2m11 tests[22m[2m)[22m[32m 7[2mms[22m[39m
2026-03-24T04:32:04.9245384Z  [32m✓[39m src/secrets/exec-secret-ref-id-parity.test.ts [2m([22m[2m33 tests[22m[2m)[22m[32m 11[2mms[22m[39m
2026-03-24T04:32:05.4906144Z  [32m✓[39m src/memory/manager.readonly-recovery.test.ts [2m([22m[2m4 tests[22m[2m)[22m[32m 13[2mms[22m[39m
2026-03-24T04:32:05.9932910Z  [32m✓[39m test/plugin-npm-release.test.ts [2m([22m[2m16 tests[22m[2m)[22m[32m 9[2mms[22m[39m
2026-03-24T04:32:06.8941984Z  [32m✓[39m src/config/doc-baseline.integration.test.ts [2m([22m[2m8 tests[22m[2m)[22m[32m 49[2mms[22m[39m
2026-03-24T04:32:07.3279560Z  [32m✓[39m src/version.test.ts [2m([22m[2m10 tests[22m[2m)[22m[32m 60[2mms[22m[39m
2026-03-24T04:32:07.8009738Z  [32m✓[39m ui/src/ui/controllers/agents.test.ts [2m([22m[2m7 tests[22m[2m)[22m[32m 5[2mms[22m[39m
2026-03-24T04:32:08.6602452Z  [32m✓[39m src/infra/clawhub.test.ts [2m([22m[2m9 tests[22m[2m | [22m[33m2 skipped[39m[2m)[22m[32m 7[2mms[22m[39m
2026-03-24T04:32:09.1793564Z  [32m✓[39m src/cron/service.every-jobs-fire.test.ts [2m([22m[2m3 tests[22m[2m)[22m[32m 23[2mms[22m[39m
2026-03-24T04:32:09.5339014Z  [32m✓[39m src/infra/outbound/delivery-queue.storage.test.ts [2m([22m[2m10 tests[22m[2m)[22m[32m 42[2mms[22m[39m
2026-03-24T04:32:10.4328930Z  [32m✓[39m src/daemon/schtasks.stop.test.ts [2m([22m[2m4 tests[22m[2m)[22m[32m 11[2mms[22m[39m
2026-03-24T04:32:10.9125244Z  [32m✓[39m src/infra/system-run-approval-binding.test.ts [2m([22m[2m12 tests[22m[2m)[22m[32m 5[2mms[22m[39m
2026-03-24T04:32:11.2730624Z  [32m✓[39m src/config/config.acp-binding-cutover.test.ts [2m([22m[2m11 tests[22m[2m)[22m[32m 10[2mms[22m[39m
2026-03-24T04:32:12.1578161Z  [32m✓[39m src/docker-build-cache.test.ts [2m([22m[2m7 tests[22m[2m)[22m[32m 9[2mms[22m[39m
2026-03-24T04:32:12.6085000Z  [32m✓[39m src/infra/outbound/outbound-policy.test.ts [2m([22m[2m6 tests[22m[2m)[22m[32m 13[2mms[22m[39m
2026-03-24T04:32:12.9694047Z  [32m✓[39m src/plugins/providers.test.ts [2m([22m[2m7 tests[22m[2m)[22m[32m 25[2mms[22m[39m
2026-03-24T04:32:13.9643133Z  [32m✓[39m src/cron/service.armtimer-tight-loop.test.ts [2m([22m[2m3 tests[22m[2m)[22m[32m 6[2mms[22m[39m
2026-03-24T04:32:14.3865099Z  [32m✓[39m src/cli/daemon-cli/lifecycle-core.test.ts [2m([22m[2m7 tests[22m[2m)[22m[32m 15[2mms[22m[39m
2026-03-24T04:32:14.6833928Z  [32m✓[39m src/infra/push-apns.auth.test.ts [2m([22m[2m7 tests[22m[2m)[22m[32m 6[2mms[22m[39m
2026-03-24T04:32:15.6393514Z [90mstderr[2m | src/config/env-preserve-io.test.ts[2m > [22m[2menv snapshot TOCTOU via createConfigIO[2m > [22m[2mrestores env refs using read-time env even after env mutation
2026-03-24T04:32:15.6394525Z [22m[39mConfig overwrite: /tmp/openclaw-env-io-Mt0kBV/openclaw.json (sha256 47e5d8da8e3dd19c3396e697d83783d1320bf57ae0efbc357a7d08713c8cc49b -> 27bff4df397f5d1aed8aa56a35a568736e9d3669269cb5a1ffc73f7350cfca13, backup=/tmp/openclaw-env-io-Mt0kBV/openclaw.json.bak, changedPaths=1)
2026-03-24T04:32:15.6395195Z Config write anomaly: /tmp/openclaw-env-io-Mt0kBV/openclaw.json (missing-meta-before-write)
2026-03-24T04:32:15.6395361Z 
2026-03-24T04:32:15.6415475Z [90mstderr[2m | src/config/env-preserve-io.test.ts[2m > [22m[2menv snapshot TOCTOU via createConfigIO[2m > [22m[2mwithout snapshot bridging, mutated env causes incorrect restoration
2026-03-24T04:32:15.6416569Z [22m[39mConfig overwrite: /tmp/openclaw-env-io-qQeNZu/openclaw.json (sha256 47e5d8da8e3dd19c3396e697d83783d1320bf57ae0efbc357a7d08713c8cc49b -> b602ab029853ce76956c3047d581b2e67a66ce8c49c4ac9a85971c3308312de5, backup=/tmp/openclaw-env-io-qQeNZu/openclaw.json.bak, changedPaths=1)
2026-03-24T04:32:15.6467310Z Config write anomaly: /tmp/openclaw-env-io-qQeNZu/openclaw.json (missing-meta-before-write)
2026-03-24T04:32:15.6467500Z 
2026-03-24T04:32:15.6482913Z  [32m✓[39m src/config/env-preserve-io.test.ts [2m([22m[2m4 tests[22m[2m)[22m[32m 18[2mms[22m[39m
2026-03-24T04:32:16.0959250Z  [32m✓[39m src/cli/program/config-guard.test.ts [2m([22m[2m9 tests[22m[2m)[22m[32m 11[2mms[22m[39m
2026-03-24T04:32:16.4732771Z  [32m✓[39m src/cron/delivery.test.ts [2m([22m[2m11 tests[22m[2m)[22m[32m 5[2mms[22m[39m
2026-03-24T04:32:17.2986517Z  [32m✓[39m src/plugin-sdk/provider-entry.test.ts [2m([22m[2m2 tests[22m[2m)[22m[32m 4[2mms[22m[39m
2026-03-24T04:32:17.7917707Z  [32m✓[39m src/infra/safe-open-sync.test.ts [2m([22m[2m7 tests[22m[2m)[22m[32m 8[2mms[22m[39m
2026-03-24T04:32:18.1987570Z  [32m✓[39m src/media-understanding/runner.auto-audio.test.ts [2m([22m[2m4 tests[22m[2m)[22m[32m 30[2mms[22m[39m
2026-03-24T04:32:18.9605128Z  [32m✓[39m src/tui/osc8-hyperlinks.test.ts [2m([22m[2m19 tests[22m[2m)[22m[32m 7[2mms[22m[39m
2026-03-24T04:32:19.3874112Z  [32m✓[39m src/infra/unhandled-rejections.fatal-detection.test.ts [2m([22m[2m6 tests[22m[2m)[22m[32m 9[2mms[22m[39m
2026-03-24T04:32:19.9726683Z  [32m✓[39m src/infra/home-dir.test.ts [2m([22m[2m20 tests[22m[2m)[22m[32m 5[2mms[22m[39m
2026-03-24T04:32:20.7253421Z  [32m✓[39m src/infra/agent-events.test.ts [2m([22m[2m8 tests[22m[2m)[22m[32m 10[2mms[22m[39m
2026-03-24T04:32:21.0386605Z  [32m✓[39m src/secrets/runtime-gateway-auth-surfaces.test.ts [2m([22m[2m10 tests[22m[2m)[22m[32m 5[2mms[22m[39m
2026-03-24T04:32:21.5928358Z  [32m✓[39m src/config/config.secrets-schema.test.ts [2m([22m[2m10 tests[22m[2m)[22m[32m 15[2mms[22m[39m
2026-03-24T04:32:22.4009667Z  [32m✓[39m src/cli/profile.test.ts [2m([22m[2m19 tests[22m[2m)[22m[32m 4[2mms[22m[39m
2026-03-24T04:32:22.7896253Z  [32m✓[39m src/cron/service.issue-16156-list-skips-cron.test.ts [2m([22m[2m3 tests[22m[2m)[22m[32m 25[2mms[22m[39m
2026-03-24T04:32:23.3155100Z [90mstderr[2m | src/infra/session-maintenance-warning.test.ts[2m > [22m[2mdeliverSessionMaintenanceWarning[2m > [22m[2menqueues a system event when outbound delivery fails
2026-03-24T04:32:23.3156024Z [22m[39m[31m[session-maintenance-warning][39m [33mFailed to deliver session maintenance warning: Error: boom[39m
2026-03-24T04:32:23.3156303Z 
2026-03-24T04:32:23.3332349Z  [32m✓[39m src/infra/session-maintenance-warning.test.ts [2m([22m[2m5 tests[22m[2m)[22m[32m 33[2mms[22m[39m
2026-03-24T04:32:24.4432708Z  [32m✓[39m src/config/config.backup-rotation.test.ts [2m([22m[2m4 tests[22m[2m)[22m[32m 12[2mms[22m[39m
2026-03-24T04:32:24.6132281Z  [32m✓[39m src/memory/manager.watcher-config.test.ts [2m([22m[2m2 tests[22m[2m)[22m[33m 489[2mms[22m[39m
2026-03-24T04:32:25.0455022Z  [32m✓[39m src/memory/backend-config.test.ts [2m([22m[2m7 tests[22m[2m)[22m[32m 4[2mms[22m[39m
2026-03-24T04:32:26.1181507Z  [32m✓[39m src/plugins/tools.optional.test.ts [2m([22m[2m8 tests[22m[2m)[22m[32m 29[2mms[22m[39m
2026-03-24T04:32:26.3387231Z  [32m✓[39m src/logging/subsystem.test.ts [2m([22m[2m11 tests[22m[2m)[22m[32m 5[2mms[22m[39m
2026-03-24T04:32:26.7883174Z  [32m✓[39m src/media-understanding/runner.skip-tiny-audio.test.ts [2m([22m[2m3 tests[22m[2m)[22m[32m 28[2mms[22m[39m
2026-03-24T04:32:27.7309103Z  [32m✓[39m src/cli/npm-resolution.test.ts [2m([22m[2m8 tests[22m[2m)[22m[32m 4[2mms[22m[39m
2026-03-24T04:32:28.7272439Z  [32m✓[39m src/memory/manager.embedding-batches.test.ts [2m([22m[2m5 tests[22m[2m)[22m[32m 283[2mms[22m[39m
2026-03-24T04:32:28.9927556Z  [32m✓[39m src/infra/outbound/message-action-runner.poll.test.ts [2m([22m[2m4 tests[22m[2m)[22m[33m 942[2mms[22m[39m
2026-03-24T04:32:30.4298414Z  [32m✓[39m src/memory/embeddings-voyage.test.ts [2m([22m[2m4 tests[22m[2m)[22m[32m 33[2mms[22m[39m
2026-03-24T04:32:30.8085731Z  [32m✓[39m src/infra/provider-usage.fetch.minimax.test.ts [2m([22m[2m10 tests[22m[2m)[22m[32m 8[2mms[22m[39m
2026-03-24T04:32:30.8961666Z  [32m✓[39m src/cron/isolated-agent.delivery-target-thread-session.test.ts [2m([22m[2m6 tests[22m[2m)[22m[33m 1432[2mms[22m[39m
2026-03-24T04:32:30.8962917Z      [33m[2m✓[22m[39m uses thread session entry when sessionKey is provided and entry exists [33m 339[2mms[22m[39m
2026-03-24T04:32:32.3614917Z  [32m✓[39m src/infra/provider-usage.load.test.ts [2m([22m[2m5 tests[22m[2m)[22m[32m 55[2mms[22m[39m
2026-03-24T04:32:32.5406888Z  [32m✓[39m src/infra/archive-helpers.test.ts [2m([22m[2m12 tests[22m[2m)[22m[32m 11[2mms[22m[39m
2026-03-24T04:32:32.6967539Z  [32m✓[39m src/cli/program/register.subclis.test.ts [2m([22m[2m6 tests[22m[2m)[22m[32m 10[2mms[22m[39m
2026-03-24T04:32:34.0322365Z  [32m✓[39m src/routing/session-key.test.ts [2m([22m[2m18 tests[22m[2m)[22m[32m 5[2mms[22m[39m
2026-03-24T04:32:34.2067224Z  [32m✓[39m src/infra/exec-safe-bin-runtime-policy.test.ts [2m([22m[2m19 tests[22m[2m)[22m[32m 7[2mms[22m[39m
2026-03-24T04:32:34.4480014Z  [32m✓[39m src/infra/system-run-approval-context.test.ts [2m([22m[2m8 tests[22m[2m)[22m[32m 4[2mms[22m[39m
2026-03-24T04:32:35.7304885Z  [32m✓[39m src/hooks/plugin-hooks.test.ts [2m([22m[2m4 tests[22m[2m)[22m[32m 68[2mms[22m[39m
2026-03-24T04:32:35.8494831Z  [32m✓[39m src/infra/outbound/format.test.ts [2m([22m[2m3 tests[22m[2m)[22m[32m 4[2mms[22m[39m
2026-03-24T04:32:36.1549995Z  [32m✓[39m src/acp/translator.prompt-prefix.test.ts [2m([22m[2m4 tests[22m[2m)[22m[32m 7[2mms[22m[39m
2026-03-24T04:32:37.3857151Z  [32m✓[39m src/cron/isolated-agent/helpers.test.ts [2m([22m[2m20 tests[22m[2m)[22m[32m 4[2mms[22m[39m
2026-03-24T04:32:37.6049144Z  [32m✓[39m src/infra/provider-usage.format.test.ts [2m([22m[2m8 tests[22m[2m)[22m[32m 6[2mms[22m[39m
2026-03-24T04:32:37.8104351Z  [32m✓[39m src/cli/run-main.test.ts [2m([22m[2m15 tests[22m[2m)[22m[32m 4[2mms[22m[39m
2026-03-24T04:32:39.1813990Z  [32m✓[39m src/channels/ack-reactions.test.ts [2m([22m[2m8 tests[22m[2m)[22m[32m 4[2mms[22m[39m
2026-03-24T04:32:39.3335953Z  [32m✓[39m src/infra/exec-approval-session-target.test.ts [2m([22m[2m4 tests[22m[2m)[22m[32m 6[2mms[22m[39m
2026-03-24T04:32:39.5873049Z  [32m✓[39m src/shared/pid-alive.test.ts [2m([22m[2m8 tests[22m[2m)[22m[32m 8[2mms[22m[39m
2026-03-24T04:32:41.2850911Z  [32m✓[39m src/cli/gateway-cli/register.option-collisions.test.ts [2m([22m[2m2 tests[22m[2m)[22m[32m 8[2mms[22m[39m
2026-03-24T04:32:41.6811779Z  [32m✓[39m src/media-understanding/runner.proxy.test.ts [2m([22m[2m3 tests[22m[2m)[22m[33m 743[2mms[22m[39m
2026-03-24T04:32:42.1118431Z  [32m✓[39m src/memory/manager.get-concurrency.test.ts [2m([22m[2m3 tests[22m[2m)[22m[33m 1082[2mms[22m[39m
2026-03-24T04:32:42.1118910Z      [33m[2m✓[22m[39m deduplicates concurrent manager creation for the same cache key [33m 358[2mms[22m[39m
2026-03-24T04:32:42.1119467Z      [33m[2m✓[22m[39m drains in-flight manager creation during global teardown [33m 477[2mms[22m[39m
2026-03-24T04:32:43.1934179Z  [32m✓[39m src/cli/program/help.test.ts [2m([22m[2m4 tests[22m[2m)[22m[32m 12[2mms[22m[39m
2026-03-24T04:32:43.7221639Z  [32m✓[39m src/cli/browser-cli-manage.timeout-option.test.ts [2m([22m[2m5 tests[22m[2m)[22m[32m 14[2mms[22m[39m
2026-03-24T04:32:44.3643421Z  [32m✓[39m src/infra/retry.test.ts [2m([22m[2m12 tests[22m[2m)[22m[32m 23[2mms[22m[39m
2026-03-24T04:32:47.2080043Z  [32m✓[39m src/channels/plugins/contracts/group-policy.contract.test.ts [2m([22m[2m20 tests[22m[2m)[22m[32m 11[2mms[22m[39m
2026-03-24T04:32:47.4880197Z  [32m✓[39m src/hooks/bundled/boot-md/handler.test.ts [2m([22m[2m7 tests[22m[2m)[22m[32m 10[2mms[22m[39m
2026-03-24T04:32:49.4918542Z  [32m✓[39m src/channels/allowlists/resolve-utils.test.ts [2m([22m[2m10 tests[22m[2m)[22m[32m 6[2mms[22m[39m
2026-03-24T04:32:50.2520686Z  [32m✓[39m src/memory/embeddings-ollama.test.ts [2m([22m[2m4 tests[22m[2m)[22m[33m 906[2mms[22m[39m
2026-03-24T04:32:51.2187388Z  [32m✓[39m src/infra/outbound/sanitize-text.test.ts [2m([22m[2m27 tests[22m[2m)[22m[32m 5[2mms[22m[39m
2026-03-24T04:32:52.0078062Z  [32m✓[39m src/channels/plugins/setup-group-access.test.ts [2m([22m[2m8 tests[22m[2m)[22m[32m 6[2mms[22m[39m
2026-03-24T04:32:53.0749639Z  [32m✓[39m src/cli/daemon-cli/install.integration.test.ts [2m([22m[2m2 tests[22m[2m)[22m[32m 107[2mms[22m[39m
2026-03-24T04:32:53.9583481Z  [32m✓[39m src/channels/plugins/outbound/slack.sendpayload.test.ts [2m([22m[2m5 tests[22m[2m)[22m[32m 11[2mms[22m[39m
2026-03-24T04:32:54.8690995Z  [32m✓[39m src/logging/diagnostic.test.ts [2m([22m[2m7 tests[22m[2m)[22m[32m 11[2mms[22m[39m
2026-03-24T04:32:55.8498606Z  [32m✓[39m src/plugins/provider-discovery.test.ts [2m([22m[2m5 tests[22m[2m)[22m[32m 4[2mms[22m[39m
2026-03-24T04:32:56.6613719Z  [32m✓[39m src/shared/net/ip.test.ts [2m([22m[2m8 tests[22m[2m)[22m[32m 7[2mms[22m[39m
2026-03-24T04:32:57.6177359Z  [32m✓[39m src/infra/gaxios-fetch-compat.test.ts [2m([22m[2m3 tests[22m[2m)[22m[32m 17[2mms[22m[39m
2026-03-24T04:32:58.4879799Z  [32m✓[39m src/config/thread-bindings-config-keys.test.ts [2m([22m[2m5 tests[22m[2m)[22m[32m 10[2mms[22m[39m
2026-03-24T04:32:59.5187623Z  [32m✓[39m src/secrets/target-registry.test.ts [2m([22m[2m5 tests[22m[2m)[22m[32m 7[2mms[22m[39m
2026-03-24T04:33:00.3758991Z  [32m✓[39m src/infra/install-flow.test.ts [2m([22m[2m5 tests[22m[2m)[22m[32m 11[2mms[22m[39m
2026-03-24T04:33:01.4553235Z  [32m✓[39m src/infra/ssh-config.test.ts [2m([22m[2m6 tests[22m[2m)[22m[32m 8[2mms[22m[39m
2026-03-24T04:33:02.2077246Z  [32m✓[39m src/cron/cron-protocol-conformance.test.ts [2m([22m[2m3 tests[22m[2m)[22m[32m 5[2mms[22m[39m
2026-03-24T04:33:03.2623956Z  [32m✓[39m src/media-understanding/google.video.test.ts [2m([22m[2m2 tests[22m[2m)[22m[32m 6[2mms[22m[39m
2026-03-24T04:33:03.9987713Z  [32m✓[39m src/process/kill-tree.test.ts [2m([22m[2m4 tests[22m[2m)[22m[32m 10[2mms[22m[39m
2026-03-24T04:33:04.8478461Z  [32m✓[39m src/infra/abort-pattern.test.ts [2m([22m[2m6 tests[22m[2m)[22m[32m 5[2mms[22m[39m
2026-03-24T04:33:06.0324759Z  [32m✓[39m test/scripts/audit-seams.test.ts [2m([22m[2m6 tests[22m[2m)[22m[32m 6[2mms[22m[39m
2026-03-24T04:33:06.5757283Z [90mstderr[2m | ui/src/ui/views/agents-utils.test.ts
2026-03-24T04:33:06.5758029Z [22m[39mLit is in dev mode. Not recommended for production! See https://lit.dev/msg/dev-mode for more information.
2026-03-24T04:33:06.5759821Z 
2026-03-24T04:33:06.5883127Z  [32m✓[39m ui/src/ui/views/agents-utils.test.ts [2m([22m[2m11 tests[22m[2m)[22m[32m 7[2mms[22m[39m
2026-03-24T04:33:07.8000225Z  [32m✓[39m src/shared/entry-status.test.ts [2m([22m[2m4 tests[22m[2m)[22m[32m 4[2mms[22m[39m
2026-03-24T04:33:08.7237940Z  [32m✓[39m src/memory/manager.vector-dedupe.test.ts [2m([22m[2m1 test[22m[2m)[22m[32m 280[2mms[22m[39m
2026-03-24T04:33:09.6902481Z  [32m✓[39m src/cli/daemon-cli/lifecycle-core.config-guard.test.ts [2m([22m[2m6 tests[22m[2m)[22m[32m 46[2mms[22m[39m
2026-03-24T04:33:10.5384201Z  [32m✓[39m src/plugins/provider-catalog.test.ts [2m([22m[2m5 tests[22m[2m)[22m[32m 3[2mms[22m[39m
2026-03-24T04:33:11.4174051Z  [32m✓[39m src/cli/command-secret-targets.test.ts [2m([22m[2m7 tests[22m[2m)[22m[32m 6[2mms[22m[39m
2026-03-24T04:33:12.4372532Z  [32m✓[39m src/cron/service.skips-main-jobs-empty-systemevent-text.test.ts [2m([22m[2m3 tests[22m[2m)[22m[32m 13[2mms[22m[39m
2026-03-24T04:33:13.1532870Z  [32m✓[39m src/channels/session.test.ts [2m([22m[2m4 tests[22m[2m)[22m[32m 8[2mms[22m[39m
2026-03-24T04:33:14.2197986Z  [32m✓[39m src/cron/store-migration.test.ts [2m([22m[2m4 tests[22m[2m)[22m[32m 6[2mms[22m[39m
2026-03-24T04:33:15.0062858Z  [32m✓[39m src/infra/matrix-account-selection.test.ts [2m([22m[2m7 tests[22m[2m)[22m[32m 6[2mms[22m[39m
2026-03-24T04:33:16.2175187Z  [32m✓[39m src/cron/delivery.failure-notify.test.ts [2m([22m[2m3 tests[22m[2m)[22m[32m 8[2mms[22m[39m
2026-03-24T04:33:17.0584447Z  [32m✓[39m src/media/read-response-with-limit.test.ts [2m([22m[2m8 tests[22m[2m)[22m[32m 11[2mms[22m[39m
2026-03-24T04:33:18.0741807Z  [32m✓[39m src/infra/provider-usage.fetch.zai.test.ts [2m([22m[2m5 tests[22m[2m)[22m[32m 8[2mms[22m[39m
2026-03-24T04:33:18.8866072Z  [32m✓[39m test/scripts/check-channel-agnostic-boundaries.test.ts [2m([22m[2m11 tests[22m[2m)[22m[32m 11[2mms[22m[39m
2026-03-24T04:33:19.7455908Z  [32m✓[39m src/config/sessions/store.pruning.test.ts [2m([22m[2m4 tests[22m[2m)[22m[32m 30[2mms[22m[39m
2026-03-24T04:33:20.6402321Z  [32m✓[39m src/plugins/services.test.ts [2m([22m[2m2 tests[22m[2m)[22m[32m 8[2mms[22m[39m
2026-03-24T04:33:21.5413350Z  [32m✓[39m src/infra/archive-path.test.ts [2m([22m[2m21 tests[22m[2m)[22m[32m 5[2mms[22m[39m
2026-03-24T04:33:22.5504430Z  [32m✓[39m src/config/commands.test.ts [2m([22m[2m8 tests[22m[2m)[22m[32m 4[2mms[22m[39m
2026-03-24T04:33:23.6132966Z  [32m✓[39m test/scripts/test-extension.test.ts [2m([22m[2m9 tests[22m[2m)[22m[32m 82[2mms[22m[39m
2026-03-24T04:33:24.2784876Z  [32m✓[39m src/cli/command-options.test.ts [2m([22m[2m7 tests[22m[2m)[22m[32m 6[2mms[22m[39m
2026-03-24T04:33:25.3966018Z  [32m✓[39m src/channels/draft-stream-controls.test.ts [2m([22m[2m6 tests[22m[2m)[22m[32m 7[2mms[22m[39m
2026-03-24T04:33:26.1510191Z  [32m✓[39m test/scripts/test-parallel.test.ts [2m([22m[2m8 tests[22m[2m)[22m[32m 5[2mms[22m[39m
2026-03-24T04:33:27.2423177Z  [32m✓[39m src/logging/redact.test.ts [2m([22m[2m12 tests[22m[2m)[22m[32m 7[2mms[22m[39m
2026-03-24T04:33:28.1283610Z  [32m✓[39m test/vitest-scoped-config.test.ts [2m([22m[2m10 tests[22m[2m)[22m[32m 7[2mms[22m[39m
2026-03-24T04:33:28.9301733Z  [32m✓[39m src/process/supervisor/supervisor.test.ts [2m([22m[2m5 tests[22m[2m)[22m[32m 50[2mms[22m[39m
2026-03-24T04:33:30.1603505Z  [32m✓[39m src/infra/heartbeat-runner.transcript-prune.test.ts [2m([22m[2m2 tests[22m[2m)[22m[32m 23[2mms[22m[39m
2026-03-24T04:33:30.6569508Z  [32m✓[39m src/infra/runtime-guard.test.ts [2m([22m[2m6 tests[22m[2m)[22m[32m 8[2mms[22m[39m
2026-03-24T04:33:32.0940040Z  [32m✓[39m src/cli/directory-cli.test.ts [2m([22m[2m1 test[22m[2m)[22m[32m 6[2mms[22m[39m
2026-03-24T04:33:32.5220655Z  [32m✓[39m src/plugins/bundled-provider-auth-env-vars.test.ts [2m([22m[2m3 tests[22m[2m)[22m[32m 8[2mms[22m[39m
2026-03-24T04:33:33.8653703Z  [32m✓[39m src/cron/service.issue-19676-at-reschedule.test.ts [2m([22m[2m7 tests[22m[2m)[22m[32m 4[2mms[22m[39m
2026-03-24T04:33:34.2168180Z  [32m✓[39m src/cli/hooks-cli.test.ts [2m([22m[2m4 tests[22m[2m)[22m[32m 6[2mms[22m[39m
2026-03-24T04:33:35.5281178Z  [32m✓[39m src/memory/session-files.test.ts [2m([22m[2m3 tests[22m[2m)[22m[32m 45[2mms[22m[39m
2026-03-24T04:33:35.8591093Z  [32m✓[39m src/media/store.redirect.test.ts [2m([22m[2m2 tests[22m[2m)[22m[32m 17[2mms[22m[39m
2026-03-24T04:33:37.2999194Z  [32m✓[39m src/infra/git-root.test.ts [2m([22m[2m6 tests[22m[2m)[22m[32m 29[2mms[22m[39m
2026-03-24T04:33:37.6278339Z  [32m✓[39m src/tui/tui-local-shell.test.ts [2m([22m[2m2 tests[22m[2m)[22m[32m 4[2mms[22m[39m
2026-03-24T04:33:39.0399914Z  [32m✓[39m src/cron/service.heartbeat-ok-summary-suppressed.test.ts [2m([22m[2m2 tests[22m[2m)[22m[32m 11[2mms[22m[39m
2026-03-24T04:33:39.2226310Z  [32m✓[39m src/channels/command-gating.test.ts [2m([22m[2m9 tests[22m[2m)[22m[32m 6[2mms[22m[39m
2026-03-24T04:33:40.6993927Z  [32m✓[39m src/plugin-sdk/channel-send-result.test.ts [2m([22m[2m6 tests[22m[2m)[22m[32m 5[2mms[22m[39m
2026-03-24T04:33:40.9089160Z  [32m✓[39m src/infra/executable-path.test.ts [2m([22m[2m3 tests[22m[2m)[22m[32m 7[2mms[22m[39m
2026-03-24T04:33:42.3658479Z  [32m✓[39m src/cli/config-set-input.test.ts [2m([22m[2m9 tests[22m[2m)[22m[32m 6[2mms[22m[39m
2026-03-24T04:33:42.5438808Z  [32m✓[39m src/acp/runtime/session-identifiers.test.ts [2m([22m[2m5 tests[22m[2m)[22m[32m 4[2mms[22m[39m
2026-03-24T04:33:44.0631330Z  [32m✓[39m src/plugins/slots.test.ts [2m([22m[2m5 tests[22m[2m)[22m[32m 5[2mms[22m[39m
2026-03-24T04:33:44.1437645Z  [32m✓[39m src/acp/persistent-bindings.lifecycle.test.ts [2m([22m[2m1 test[22m[2m)[22m[32m 12[2mms[22m[39m
2026-03-24T04:33:45.8414948Z  [32m✓[39m src/media/inbound-path-policy.test.ts [2m([22m[2m6 tests[22m[2m)[22m[32m 4[2mms[22m[39m
2026-03-24T04:33:45.8952726Z  [32m✓[39m src/plugin-sdk/channel-lifecycle.test.ts [2m([22m[2m6 tests[22m[2m)[22m[32m 81[2mms[22m[39m
2026-03-24T04:33:47.4320026Z  [32m✓[39m src/infra/heartbeat-events-filter.test.ts [2m([22m[2m18 tests[22m[2m)[22m[32m 4[2mms[22m[39m
2026-03-24T04:33:47.4653994Z  [32m✓[39m src/cli/daemon-cli/status.print.test.ts [2m([22m[2m1 test[22m[2m)[22m[32m 4[2mms[22m[39m
2026-03-24T04:33:49.0665197Z  [32m✓[39m src/cron/isolated-agent/run.interim-retry.test.ts [2m([22m[2m3 tests[22m[2m)[22m[32m 11[2mms[22m[39m
2026-03-24T04:33:49.2640309Z  [32m✓[39m src/entry.version-fast-path.test.ts [2m([22m[2m2 tests[22m[2m)[22m[32m 128[2mms[22m[39m
2026-03-24T04:33:51.1184790Z  [32m✓[39m src/config/sessions/delivery-info.test.ts [2m([22m[2m4 tests[22m[2m)[22m[32m 8[2mms[22m[39m
2026-03-24T04:33:51.1937389Z  [32m✓[39m src/tts/provider-registry.test.ts [2m([22m[2m4 tests[22m[2m)[22m[33m 339[2mms[22m[39m
2026-03-24T04:33:52.9545778Z  [32m✓[39m src/cron/isolated-agent.lane.test.ts [2m([22m[2m3 tests[22m[2m)[22m[32m 22[2mms[22m[39m
2026-03-24T04:33:53.0005428Z  [32m✓[39m src/cron/service/store.test.ts [2m([22m[2m1 test[22m[2m)[22m[32m 8[2mms[22m[39m
2026-03-24T04:33:54.6395824Z  [32m✓[39m src/process/supervisor/registry.test.ts [2m([22m[2m3 tests[22m[2m)[22m[32m 4[2mms[22m[39m
2026-03-24T04:33:54.7387530Z  [32m✓[39m src/cron/isolated-agent/run.sandbox-config-preserved.test.ts [2m([22m[2m2 tests[22m[2m)[22m[32m 5[2mms[22m[39m
2026-03-24T04:33:56.3372897Z  [32m✓[39m src/markdown/ir.table-bullets.test.ts [2m([22m[2m7 tests[22m[2m)[22m[32m 12[2mms[22m[39m
2026-03-24T04:33:56.4505056Z  [32m✓[39m src/cli/deps.test.ts [2m([22m[2m2 tests[22m[2m)[22m[32m 3[2mms[22m[39m
2026-03-24T04:33:58.0779105Z  [32m✓[39m src/memory/qmd-process.test.ts [2m([22m[2m3 tests[22m[2m)[22m[32m 8[2mms[22m[39m
2026-03-24T04:33:58.2417305Z  [32m✓[39m src/hooks/policy.test.ts [2m([22m[2m6 tests[22m[2m)[22m[32m 5[2mms[22m[39m
2026-03-24T04:33:59.7705302Z  [32m✓[39m src/infra/path-guards.test.ts [2m([22m[2m5 tests[22m[2m)[22m[32m 4[2mms[22m[39m
2026-03-24T04:33:59.9914139Z  [32m✓[39m src/acp/translator.stop-reason.test.ts [2m([22m[2m3 tests[22m[2m)[22m[32m 6[2mms[22m[39m
2026-03-24T04:34:01.4716849Z  [32m✓[39m src/shared/tailscale-status.test.ts [2m([22m[2m7 tests[22m[2m)[22m[32m 5[2mms[22m[39m
2026-03-24T04:34:03.3290935Z  [32m✓[39m src/cli/daemon-cli/register-service-commands.test.ts [2m([22m[2m3 tests[22m[2m)[22m[32m 6[2mms[22m[39m
2026-03-24T04:34:03.4384756Z  [32m✓[39m test/extension-plugin-sdk-boundary.test.ts [2m([22m[2m3 tests[22m[2m)[22m[33m 1538[2mms[22m[39m
2026-03-24T04:34:03.4385237Z      [33m[2m✓[22m[39m stays empty and sorted [33m 1536[2mms[22m[39m
2026-03-24T04:34:05.0624275Z  [32m✓[39m src/infra/heartbeat-active-hours.test.ts [2m([22m[2m7 tests[22m[2m)[22m[32m 7[2mms[22m[39m
2026-03-24T04:34:05.1654151Z  [32m✓[39m src/infra/exec-safe-bin-trust.test.ts [2m([22m[2m6 tests[22m[2m)[22m[32m 5[2mms[22m[39m
2026-03-24T04:34:06.8071999Z  [32m✓[39m src/plugins/hooks.phase-hooks.test.ts [2m([22m[2m3 tests[22m[2m)[22m[32m 3[2mms[22m[39m
2026-03-24T04:34:07.0098134Z  [32m✓[39m src/infra/state-migrations.state-dir.test.ts [2m([22m[2m3 tests[22m[2m)[22m[32m 13[2mms[22m[39m
2026-03-24T04:34:08.5002140Z  [32m✓[39m src/cron/isolated-agent/run.fast-mode.test.ts [2m([22m[2m3 tests[22m[2m)[22m[32m 11[2mms[22m[39m
2026-03-24T04:34:08.7475101Z  [32m✓[39m src/channels/allow-from.test.ts [2m([22m[2m8 tests[22m[2m)[22m[32m 4[2mms[22m[39m
2026-03-24T04:34:10.1317897Z  [32m✓[39m src/infra/path-prepend.test.ts [2m([22m[2m7 tests[22m[2m)[22m[32m 4[2mms[22m[39m
2026-03-24T04:34:10.5122748Z  [32m✓[39m src/infra/errors.test.ts [2m([22m[2m6 tests[22m[2m)[22m[32m 6[2mms[22m[39m
2026-03-24T04:34:11.8485383Z  [32m✓[39m src/hooks/hooks-install.test.ts [2m([22m[2m1 test[22m[2m)[22m[32m 41[2mms[22m[39m
2026-03-24T04:34:12.1820487Z  [32m✓[39m src/utils/run-with-concurrency.test.ts [2m([22m[2m3 tests[22m[2m)[22m[32m 4[2mms[22m[39m
2026-03-24T04:34:13.5960209Z  [32m✓[39m src/cli/plugin-registry.test.ts [2m([22m[2m2 tests[22m[2m)[22m[32m 16[2mms[22m[39m
2026-03-24T04:34:13.9901809Z  [32m✓[39m src/memory/hybrid.test.ts [2m([22m[2m5 tests[22m[2m)[22m[32m 4[2mms[22m[39m
2026-03-24T04:34:14.7790562Z  [32m✓[39m src/memory/manager.async-search.test.ts [2m([22m[2m2 tests[22m[2m)[22m[33m 88845[2mms[22m[39m
2026-03-24T04:34:14.7791654Z      [33m[2m✓[22m[39m does not await sync when searching [33m 88819[2mms[22m[39m
2026-03-24T04:34:15.2931121Z  [32m✓[39m src/process/spawn-utils.test.ts [2m([22m[2m3 tests[22m[2m)[22m[32m 4[2mms[22m[39m
2026-03-24T04:34:15.7368612Z  [32m✓[39m src/infra/skills-remote.test.ts [2m([22m[2m4 tests[22m[2m)[22m[32m 6[2mms[22m[39m
2026-03-24T04:34:16.5735210Z  [32m✓[39m src/plugin-sdk/keyed-async-queue.test.ts [2m([22m[2m4 tests[22m[2m)[22m[32m 56[2mms[22m[39m
2026-03-24T04:34:17.0796294Z  [32m✓[39m src/memory/batch-http.test.ts [2m([22m[2m2 tests[22m[2m)[22m[32m 10[2mms[22m[39m
2026-03-24T04:34:17.5194531Z  [32m✓[39m src/infra/ports-format.test.ts [2m([22m[2m4 tests[22m[2m)[22m[32m 6[2mms[22m[39m
2026-03-24T04:34:18.4122969Z  [32m✓[39m test/scripts/check-no-conflict-markers.test.ts [2m([22m[2m4 tests[22m[2m)[22m[32m 19[2mms[22m[39m
2026-03-24T04:34:18.8814804Z  [32m✓[39m src/config/runtime-overrides.test.ts [2m([22m[2m7 tests[22m[2m)[22m[32m 6[2mms[22m[39m
2026-03-24T04:34:19.2534023Z  [32m✓[39m src/secrets/command-config.test.ts [2m([22m[2m3 tests[22m[2m)[22m[32m 4[2mms[22m[39m
2026-03-24T04:34:20.1670630Z  [32m✓[39m src/pairing/pairing-challenge.test.ts [2m([22m[2m5 tests[22m[2m)[22m[32m 5[2mms[22m[39m
2026-03-24T04:34:20.6550258Z  [32m✓[39m src/infra/is-main.test.ts [2m([22m[2m8 tests[22m[2m)[22m[32m 4[2mms[22m[39m
2026-03-24T04:34:21.4930609Z  [32m✓[39m test/plugin-extension-import-boundary.test.ts [2m([22m[2m5 tests[22m[2m)[22m[32m 248[2mms[22m[39m
2026-03-24T04:34:21.9663892Z  [32m✓[39m src/channels/channels-misc.test.ts [2m([22m[2m10 tests[22m[2m)[22m[32m 24[2mms[22m[39m
2026-03-24T04:34:22.3874979Z  [32m✓[39m src/infra/install-mode-options.test.ts [2m([22m[2m6 tests[22m[2m)[22m[32m 12[2mms[22m[39m
2026-03-24T04:34:23.3064876Z  [32m✓[39m src/markdown/ir.table-code.test.ts [2m([22m[2m4 tests[22m[2m)[22m[32m 9[2mms[22m[39m
2026-03-24T04:34:23.7749954Z  [32m✓[39m src/cron/service/timer.test.ts [2m([22m[2m1 test[22m[2m)[22m[32m 13[2mms[22m[39m
2026-03-24T04:34:24.1701820Z  [32m✓[39m src/plugins/min-host-version.test.ts [2m([22m[2m7 tests[22m[2m)[22m[32m 4[2mms[22m[39m
2026-03-24T04:34:25.2637185Z  [32m✓[39m src/infra/fs-pinned-write-helper.test.ts [2m([22m[2m3 tests[22m[2m)[22m[32m 124[2mms[22m[39m
2026-03-24T04:34:25.6269935Z  [32m✓[39m src/config/config.discord.test.ts [2m([22m[2m2 tests[22m[2m)[22m[32m 13[2mms[22m[39m
2026-03-24T04:34:25.9733486Z [90mstderr[2m | src/logging/console-settings.test.ts[2m > [22m[2mgetConsoleSettings[2m > [22m[2mdoes not recurse when loadConfig logs during resolution
2026-03-24T04:34:25.9734066Z [22m[39m2026-03-24T04:34:25.968+00:00 config load failed
2026-03-24T04:34:25.9734182Z 
2026-03-24T04:34:25.9750076Z  [32m✓[39m src/logging/console-settings.test.ts [2m([22m[2m2 tests[22m[2m)[22m[32m 8[2mms[22m[39m
2026-03-24T04:34:26.9520575Z  [32m✓[39m src/cli/program/register.setup.test.ts [2m([22m[2m4 tests[22m[2m)[22m[32m 13[2mms[22m[39m
2026-03-24T04:34:27.3706159Z  [32m✓[39m src/shared/subagents-format.test.ts [2m([22m[2m5 tests[22m[2m)[22m[32m 7[2mms[22m[39m
2026-03-24T04:34:27.7035875Z  [32m✓[39m src/infra/outbound/delivery-queue.policy.test.ts [2m([22m[2m15 tests[22m[2m)[22m[32m 5[2mms[22m[39m
2026-03-24T04:34:28.7046521Z  [32m✓[39m src/plugin-sdk/package-contract-guardrails.test.ts [2m([22m[2m2 tests[22m[2m)[22m[32m 3[2mms[22m[39m
2026-03-24T04:34:29.0757253Z  [32m✓[39m src/channels/plugins/message-actions.security.test.ts [2m([22m[2m3 tests[22m[2m)[22m[32m 4[2mms[22m[39m
2026-03-24T04:34:29.3976131Z  [32m✓[39m src/config/load-channel-config-surface.test.ts [2m([22m[2m1 test[22m[2m)[22m[32m 6[2mms[22m[39m
2026-03-24T04:34:30.4028254Z  [32m✓[39m src/infra/state-migrations.fs.test.ts [2m([22m[2m4 tests[22m[2m)[22m[32m 4[2mms[22m[39m
2026-03-24T04:34:30.8254809Z  [32m✓[39m src/cron/service/ops.test.ts [2m([22m[2m1 test[22m[2m)[22m[32m 13[2mms[22m[39m
2026-03-24T04:34:31.0551757Z  [32m✓[39m src/interactive/payload.test.ts [2m([22m[2m6 tests[22m[2m)[22m[32m 3[2mms[22m[39m
2026-03-24T04:34:32.1657157Z  [32m✓[39m src/infra/path-alias-guards.test.ts [2m([22m[2m3 tests[22m[2m)[22m[32m 8[2mms[22m[39m
2026-03-24T04:34:32.5701474Z  [32m✓[39m src/cli/run-main.exit.test.ts [2m([22m[2m2 tests[22m[2m)[22m[32m 4[2mms[22m[39m
2026-03-24T04:34:32.8194231Z  [32m✓[39m src/config/normalize-paths.test.ts [2m([22m[2m1 test[22m[2m)[22m[32m 20[2mms[22m[39m
2026-03-24T04:34:33.8002831Z  [32m✓[39m src/config/issue-format.test.ts [2m([22m[2m4 tests[22m[2m)[22m[32m 4[2mms[22m[39m
2026-03-24T04:34:34.2598693Z  [32m✓[39m src/infra/device-identity.test.ts [2m([22m[2m3 tests[22m[2m)[22m[32m 19[2mms[22m[39m
2026-03-24T04:34:34.5583466Z  [32m✓[39m src/config/sessions/session-key.test.ts [2m([22m[2m6 tests[22m[2m)[22m[32m 3[2mms[22m[39m
2026-03-24T04:34:35.5197568Z  [32m✓[39m src/plugins/source-display.test.ts [2m([22m[2m4 tests[22m[2m)[22m[32m 5[2mms[22m[39m
2026-03-24T04:34:36.0340793Z  [32m✓[39m src/infra/exec-approvals-policy.test.ts [2m([22m[2m5 tests[22m[2m)[22m[32m 4[2mms[22m[39m
2026-03-24T04:34:36.2276111Z  [32m✓[39m src/logging/logger-env.test.ts [2m([22m[2m2 tests[22m[2m)[22m[32m 5[2mms[22m[39m
2026-03-24T04:34:37.4323757Z  [32m✓[39m src/shared/text/assistant-visible-text.test.ts [2m([22m[2m8 tests[22m[2m)[22m[32m 15[2mms[22m[39m
2026-03-24T04:34:37.9733131Z  [32m✓[39m src/infra/outbound/message-action-spec.test.ts [2m([22m[2m9 tests[22m[2m)[22m[32m 4[2mms[22m[39m
2026-03-24T04:34:38.0688196Z  [32m✓[39m src/channels/plugins/threading-helpers.test.ts [2m([22m[2m5 tests[22m[2m)[22m[32m 4[2mms[22m[39m
2026-03-24T04:34:39.2685017Z  [32m✓[39m src/plugins/bundled-runtime-deps.test.ts [2m([22m[2m8 tests[22m[2m)[22m[32m 4[2mms[22m[39m
2026-03-24T04:34:39.7980160Z  [32m✓[39m src/daemon/inspect.test.ts [2m([22m[2m3 tests[22m[2m)[22m[32m 4[2mms[22m[39m
2026-03-24T04:34:39.9218538Z  [32m✓[39m src/secrets/path-utils.test.ts [2m([22m[2m6 tests[22m[2m)[22m[32m 5[2mms[22m[39m
2026-03-24T04:34:41.1092735Z  [32m✓[39m src/media/server.outside-workspace.test.ts [2m([22m[2m1 test[22m[2m)[22m[32m 28[2mms[22m[39m
2026-03-24T04:34:41.5710268Z  [32m✓[39m src/entry.respawn.test.ts [2m([22m[2m4 tests[22m[2m)[22m[32m 3[2mms[22m[39m
2026-03-24T04:34:41.6836718Z  [32m✓[39m src/cron/service/state.test.ts [2m([22m[2m2 tests[22m[2m)[22m[32m 4[2mms[22m[39m
2026-03-24T04:34:42.7894289Z  [32m✓[39m src/plugin-sdk/temp-path.test.ts [2m([22m[2m4 tests[22m[2m)[22m[32m 7[2mms[22m[39m
2026-03-24T04:34:43.3306366Z  [32m✓[39m src/infra/outbound/target-errors.test.ts [2m([22m[2m4 tests[22m[2m)[22m[32m 15[2mms[22m[39m
2026-03-24T04:34:43.3597275Z  [32m✓[39m src/logging/logger.browser-import.test.ts [2m([22m[2m2 tests[22m[2m)[22m[32m 12[2mms[22m[39m
2026-03-24T04:34:44.5864798Z  [32m✓[39m src/plugins/install-min-host-version-guardrails.test.ts [2m([22m[2m1 test[22m[2m)[22m[32m 5[2mms[22m[39m
2026-03-24T04:34:44.9688833Z  [32m✓[39m src/infra/outbound/conversation-id.test.ts [2m([22m[2m13 tests[22m[2m)[22m[32m 4[2mms[22m[39m
2026-03-24T04:34:45.1460007Z  [32m✓[39m src/cli/update-cli.option-collisions.test.ts [2m([22m[2m2 tests[22m[2m)[22m[32m 7[2mms[22m[39m
2026-03-24T04:34:46.2423963Z  [32m✓[39m src/hooks/gmail-watcher-lifecycle.test.ts [2m([22m[2m5 tests[22m[2m)[22m[32m 5[2mms[22m[39m
2026-03-24T04:34:46.6521426Z  [32m✓[39m src/plugin-sdk/channel-pairing.test.ts [2m([22m[2m2 tests[22m[2m)[22m[32m 4[2mms[22m[39m
2026-03-24T04:34:46.8010528Z  [32m✓[39m src/channels/allowlist-match.test.ts [2m([22m[2m3 tests[22m[2m)[22m[32m 3[2mms[22m[39m
2026-03-24T04:34:48.0314322Z  [32m✓[39m src/shared/global-singleton.test.ts [2m([22m[2m6 tests[22m[2m)[22m[32m 4[2mms[22m[39m
2026-03-24T04:34:48.3354952Z  [32m✓[39m src/infra/heartbeat-reason.test.ts [2m([22m[2m31 tests[22m[2m)[22m[32m 4[2mms[22m[39m
2026-03-24T04:34:48.6487065Z  [32m✓[39m src/cron/service.store-load-invalid-main-job.test.ts [2m([22m[2m1 test[22m[2m)[22m[32m 13[2mms[22m[39m
2026-03-24T04:34:49.7478816Z  [32m✓[39m src/infra/exec-wrapper-trust-plan.test.ts [2m([22m[2m4 tests[22m[2m)[22m[32m 5[2mms[22m[39m
2026-03-24T04:34:50.0723467Z  [32m✓[39m src/infra/shell-inline-command.test.ts [2m([22m[2m4 tests[22m[2m)[22m[32m 4[2mms[22m[39m
2026-03-24T04:34:50.4082188Z  [32m✓[39m src/acp/translator.set-session-mode.test.ts [2m([22m[2m3 tests[22m[2m)[22m[32m 5[2mms[22m[39m
2026-03-24T04:34:51.4986383Z  [32m✓[39m src/process/supervisor/supervisor.pty-command.test.ts [2m([22m[2m2 tests[22m[2m)[22m[32m 12[2mms[22m[39m
2026-03-24T04:34:51.6814373Z  [32m✓[39m test/scripts/test-report-utils.test.ts [2m([22m[2m5 tests[22m[2m)[22m[32m 4[2mms[22m[39m
2026-03-24T04:34:52.1783391Z  [32m✓[39m src/cli/program/context.test.ts [2m([22m[2m5 tests[22m[2m)[22m[32m 3[2mms[22m[39m
2026-03-24T04:34:53.1056631Z  [32m✓[39m src/acp/policy.test.ts [2m([22m[2m4 tests[22m[2m)[22m[32m 4[2mms[22m[39m
2026-03-24T04:34:53.5937281Z  [32m✓[39m src/cron/isolated-agent.direct-delivery-forum-topics.test.ts [2m([22m[2m2 tests[22m[2m)[22m[32m 23[2mms[22m[39m
2026-03-24T04:34:53.8278875Z  [32m✓[39m src/cli/run-main.profile-env.test.ts [2m([22m[2m1 test[22m[2m)[22m[32m 3[2mms[22m[39m
2026-03-24T04:34:54.7971953Z  [32m✓[39m src/cli/command-source.test-helpers.test.ts [2m([22m[2m2 tests[22m[2m)[22m[32m 10[2mms[22m[39m
2026-03-24T04:34:55.3178461Z  [32m✓[39m src/infra/jsonl-socket.test.ts [2m([22m[2m2 tests[22m[2m)[22m[32m 81[2mms[22m[39m
2026-03-24T04:34:55.5209158Z  [32m✓[39m src/hooks/bundled/boot-md/handler.gateway-startup.integration.test.ts [2m([22m[2m1 test[22m[2m)[22m[32m 9[2mms[22m[39m
2026-03-24T04:34:56.6383138Z  [32m✓[39m src/acp/runtime/session-meta.test.ts [2m([22m[2m1 test[22m[2m)[22m[32m 96[2mms[22m[39m
2026-03-24T04:34:56.9782542Z  [32m✓[39m src/cron/isolated-agent.helpers.test.ts [2m([22m[2m5 tests[22m[2m)[22m[32m 5[2mms[22m[39m
2026-03-24T04:34:57.3381541Z  [32m✓[39m src/cli/program.smoke.test.ts [2m([22m[2m4 tests[22m[2m)[22m[32m 14[2mms[22m[39m
2026-03-24T04:34:58.4207907Z  [32m✓[39m src/tts/prepare-text.test.ts [2m([22m[2m5 tests[22m[2m)[22m[32m 4[2mms[22m[39m
2026-03-24T04:34:58.7402224Z  [32m✓[39m src/hooks/import-url.test.ts [2m([22m[2m7 tests[22m[2m)[22m[32m 6[2mms[22m[39m
2026-03-24T04:34:59.1866999Z  [32m✓[39m src/infra/provider-usage.load.plugin.test.ts [2m([22m[2m1 test[22m[2m)[22m[32m 18[2mms[22m[39m
2026-03-24T04:35:00.1982873Z  [32m✓[39m src/infra/ports-lsof.test.ts [2m([22m[2m3 tests[22m[2m)[22m[32m 4[2mms[22m[39m
2026-03-24T04:35:00.4902897Z  [32m✓[39m src/config/config.discord-presence.test.ts [2m([22m[2m7 tests[22m[2m)[22m[32m 11[2mms[22m[39m
2026-03-24T04:35:00.8413883Z  [32m✓[39m src/infra/gateway-process-argv.test.ts [2m([22m[2m6 tests[22m[2m)[22m[32m 3[2mms[22m[39m
2026-03-24T04:35:01.8520441Z  [32m✓[39m src/memory/batch-output.test.ts [2m([22m[2m3 tests[22m[2m)[22m[32m 3[2mms[22m[39m
2026-03-24T04:35:02.2480509Z  [32m✓[39m src/config/io.eacces.test.ts [2m([22m[2m2 tests[22m[2m)[22m[32m 4[2mms[22m[39m
2026-03-24T04:35:02.5466750Z  [32m✓[39m src/security/audit-extra.sync.test.ts [2m([22m[2m7 tests[22m[2m)[22m[32m 4[2mms[22m[39m
2026-03-24T04:35:03.5138744Z  [32m✓[39m src/infra/exec-approval-command-display.test.ts [2m([22m[2m5 tests[22m[2m)[22m[32m 5[2mms[22m[39m
2026-03-24T04:35:03.8842917Z  [32m✓[39m src/channels/model-overrides.test.ts [2m([22m[2m3 tests[22m[2m)[22m[32m 3[2mms[22m[39m
2026-03-24T04:35:04.2525480Z  [32m✓[39m src/plugins/wired-hooks-session.test.ts [2m([22m[2m3 tests[22m[2m)[22m[32m 5[2mms[22m[39m
2026-03-24T04:35:05.2289811Z  [32m✓[39m src/cli/program/build-program.test.ts [2m([22m[2m1 test[22m[2m)[22m[32m 4[2mms[22m[39m
2026-03-24T04:35:05.5872304Z  [32m✓[39m src/infra/canvas-host-url.test.ts [2m([22m[2m5 tests[22m[2m)[22m[32m 4[2mms[22m[39m
2026-03-24T04:35:05.9191740Z  [32m✓[39m src/infra/fixed-window-rate-limit.test.ts [2m([22m[2m4 tests[22m[2m)[22m[32m 4[2mms[22m[39m
2026-03-24T04:35:06.9439944Z  [32m✓[39m src/channels/typing-start-guard.test.ts [2m([22m[2m4 tests[22m[2m)[22m[32m 5[2mms[22m[39m
2026-03-24T04:35:07.2360231Z  [32m✓[39m src/config/config.dm-policy-alias.test.ts [2m([22m[2m6 tests[22m[2m)[22m[32m 10[2mms[22m[39m
2026-03-24T04:35:07.6319369Z  [32m✓[39m src/plugin-sdk/channel-policy.test.ts [2m([22m[2m1 test[22m[2m)[22m[32m 3[2mms[22m[39m
2026-03-24T04:35:08.6701936Z  [32m✓[39m src/channels/inbound-debounce-policy.test.ts [2m([22m[2m3 tests[22m[2m)[22m[32m 5[2mms[22m[39m
2026-03-24T04:35:08.8859679Z  [32m✓[39m src/infra/detect-package-manager.test.ts [2m([22m[2m3 tests[22m[2m)[22m[32m 5[2mms[22m[39m
2026-03-24T04:35:09.3723291Z  [32m✓[39m src/memory/prompt-section.test.ts [2m([22m[2m5 tests[22m[2m)[22m[32m 3[2mms[22m[39m
2026-03-24T04:35:10.4291220Z  [32m✓[39m src/infra/secure-random.test.ts [2m([22m[2m4 tests[22m[2m)[22m[32m 7[2mms[22m[39m
2026-03-24T04:35:10.6766969Z  [32m✓[39m src/infra/tsdown-config.test.ts [2m([22m[2m2 tests[22m[2m)[22m[32m 5[2mms[22m[39m
2026-03-24T04:35:11.0542976Z  [32m✓[39m src/test-utils/channel-plugins.test.ts [2m([22m[2m3 tests[22m[2m)[22m[32m 4[2mms[22m[39m
2026-03-24T04:35:12.1631494Z  [32m✓[39m src/shared/text/code-regions.test.ts [2m([22m[2m4 tests[22m[2m)[22m[32m 4[2mms[22m[39m
2026-03-24T04:35:12.3775239Z  [32m✓[39m src/infra/outbound/directory-cache.test.ts [2m([22m[2m3 tests[22m[2m)[22m[32m 5[2mms[22m[39m
2026-03-24T04:35:12.7566933Z  [32m✓[39m src/channels/plugins/runtime-forwarders.test.ts [2m([22m[2m3 tests[22m[2m)[22m[32m 4[2mms[22m[39m
2026-03-24T04:35:13.8526583Z  [32m✓[39m src/config/merge-patch.proto-pollution.test.ts [2m([22m[2m4 tests[22m[2m)[22m[32m 3[2mms[22m[39m
2026-03-24T04:35:14.2350826Z  [32m✓[39m src/secrets/configure.test.ts [2m([22m[2m1 test[22m[2m)[22m[32m 19[2mms[22m[39m
2026-03-24T04:35:14.5626236Z  [32m✓[39m src/channels/plugins/target-parsing.test.ts [2m([22m[2m2 tests[22m[2m)[22m[32m 4[2mms[22m[39m
2026-03-24T04:35:15.6811402Z  [32m✓[39m src/cron/service.prevents-duplicate-timers.test.ts [2m([22m[2m1 test[22m[2m)[22m[32m 10[2mms[22m[39m
2026-03-24T04:35:16.1274446Z  [32m✓[39m src/config/slack-token-validation.test.ts [2m([22m[2m4 tests[22m[2m)[22m[32m 11[2mms[22m[39m
2026-03-24T04:35:16.2897749Z  [32m✓[39m src/shared/chat-content.test.ts [2m([22m[2m4 tests[22m[2m)[22m[32m 4[2mms[22m[39m
2026-03-24T04:35:17.5998176Z  [32m✓[39m src/utils/reaction-level.test.ts [2m([22m[2m5 tests[22m[2m)[22m[32m 4[2mms[22m[39m
2026-03-24T04:35:17.9790835Z  [32m✓[39m src/cli/program/register.configure.test.ts [2m([22m[2m2 tests[22m[2m)[22m[32m 25[2mms[22m[39m
2026-03-24T04:35:18.2547897Z  [32m✓[39m src/infra/voicewake.test.ts [2m([22m[2m3 tests[22m[2m)[22m[32m 9[2mms[22m[39m
2026-03-24T04:35:19.2832890Z  [32m✓[39m src/infra/bonjour-ciao.test.ts [2m([22m[2m7 tests[22m[2m)[22m[32m 4[2mms[22m[39m
2026-03-24T04:35:19.8203911Z  [32m✓[39m src/infra/parse-finite-number.test.ts [2m([22m[2m27 tests[22m[2m)[22m[32m 5[2mms[22m[39m
2026-03-24T04:35:20.0609069Z  [32m✓[39m src/shared/node-resolve.test.ts [2m([22m[2m5 tests[22m[2m)[22m[32m 4[2mms[22m[39m
2026-03-24T04:35:21.1311074Z  [32m✓[39m src/daemon/service.test.ts [2m([22m[2m5 tests[22m[2m)[22m[32m 4[2mms[22m[39m
2026-03-24T04:35:21.5929076Z  [32m✓[39m src/plugins/cli.test.ts [2m([22m[2m2 tests[22m[2m)[22m[32m 6[2mms[22m[39m
2026-03-24T04:35:21.8741471Z  [32m✓[39m src/cron/service.issue-22895-every-next-run.test.ts [2m([22m[2m2 tests[22m[2m)[22m[32m 3[2mms[22m[39m
2026-03-24T04:35:22.9799314Z  [32m✓[39m src/config/sessions/cache-fields.test.ts [2m([22m[2m4 tests[22m[2m)[22m[32m 3[2mms[22m[39m
2026-03-24T04:35:23.4835713Z  [32m✓[39m src/acp/session-mapper.test.ts [2m([22m[2m2 tests[22m[2m)[22m[32m 4[2mms[22m[39m
2026-03-24T04:35:23.7511160Z  [32m✓[39m src/wizard/setup.completion.test.ts [2m([22m[2m2 tests[22m[2m)[22m[32m 4[2mms[22m[39m
2026-03-24T04:35:25.0627342Z  [32m✓[39m src/infra/heartbeat-runner.sender-prefers-delivery-target.test.ts [2m([22m[2m1 test[22m[2m)[22m[32m 17[2mms[22m[39m
2026-03-24T04:35:25.3649519Z  [32m✓[39m src/infra/package-json.test.ts [2m([22m[2m2 tests[22m[2m)[22m[32m 6[2mms[22m[39m
2026-03-24T04:35:25.6545264Z  [32m✓[39m src/daemon/runtime-binary.test.ts [2m([22m[2m6 tests[22m[2m)[22m[32m 12[2mms[22m[39m
2026-03-24T04:35:26.9352470Z  [32m✓[39m src/shared/entry-metadata.test.ts [2m([22m[2m4 tests[22m[2m)[22m[32m 3[2mms[22m[39m
2026-03-24T04:35:27.2903127Z  [32m✓[39m src/infra/outbound/channel-target.test.ts [2m([22m[2m4 tests[22m[2m)[22m[32m 6[2mms[22m[39m
2026-03-24T04:35:27.5394985Z  [32m✓[39m src/config/sessions/explicit-session-key-normalization.test.ts [2m([22m[2m4 tests[22m[2m)[22m[32m 3[2mms[22m[39m
2026-03-24T04:35:28.8215759Z  [32m✓[39m src/plugin-sdk/channel-reply-pipeline.test.ts [2m([22m[2m3 tests[22m[2m)[22m[32m 4[2mms[22m[39m
2026-03-24T04:35:29.1514296Z  [32m✓[39m src/media-understanding/transcribe-audio.test.ts [2m([22m[2m3 tests[22m[2m)[22m[32m 6[2mms[22m[39m
2026-03-24T04:35:29.3453768Z  [32m✓[39m src/plugins/hook-runner-global.test.ts [2m([22m[2m2 tests[22m[2m)[22m[32m 13[2mms[22m[39m
2026-03-24T04:35:30.6157291Z  [32m✓[39m src/config/config.meta-timestamp-coercion.test.ts [2m([22m[2m5 tests[22m[2m)[22m[32m 6[2mms[22m[39m
2026-03-24T04:35:31.0084144Z  [32m✓[39m src/media/local-roots.test.ts [2m([22m[2m2 tests[22m[2m)[22m[32m 3[2mms[22m[39m
2026-03-24T04:35:31.0864229Z  [32m✓[39m src/config/mcp-config.test.ts [2m([22m[2m2 tests[22m[2m)[22m[32m 23[2mms[22m[39m
2026-03-24T04:35:32.4098217Z  [32m✓[39m src/pairing/pairing-messages.test.ts [2m([22m[2m6 tests[22m[2m)[22m[32m 4[2mms[22m[39m
2026-03-24T04:35:32.8043922Z  [32m✓[39m src/config/config.identity-avatar.test.ts [2m([22m[2m3 tests[22m[2m)[22m[32m 50[2mms[22m[39m
2026-03-24T04:35:32.8895552Z  [32m✓[39m src/media-understanding/mistral.provider.test.ts [2m([22m[2m3 tests[22m[2m)[22m[32m 8[2mms[22m[39m
2026-03-24T04:35:34.1342632Z  [32m✓[39m src/cron/heartbeat-policy.test.ts [2m([22m[2m5 tests[22m[2m)[22m[32m 3[2mms[22m[39m
2026-03-24T04:35:34.5776725Z  [32m✓[39m src/infra/runtime-status.test.ts [2m([22m[2m5 tests[22m[2m)[22m[32m 4[2mms[22m[39m
2026-03-24T04:35:34.6933836Z  [32m✓[39m src/channels/native-command-session-targets.test.ts [2m([22m[2m3 tests[22m[2m)[22m[32m 4[2mms[22m[39m
2026-03-24T04:35:36.0605357Z  [32m✓[39m src/infra/abort-signal.test.ts [2m([22m[2m4 tests[22m[2m)[22m[32m 4[2mms[22m[39m
2026-03-24T04:35:36.4323651Z  [32m✓[39m src/shared/text-chunking.test.ts [2m([22m[2m5 tests[22m[2m)[22m[32m 3[2mms[22m[39m
2026-03-24T04:35:36.5608763Z  [32m✓[39m src/cli/parse-timeout.test.ts [2m([22m[2m7 tests[22m[2m)[22m[32m 4[2mms[22m[39m
2026-03-24T04:35:37.8904574Z  [32m✓[39m src/cli/program/helpers.test.ts [2m([22m[2m16 tests[22m[2m)[22m[32m 4[2mms[22m[39m
2026-03-24T04:35:38.2338749Z  [32m✓[39m src/shared/chat-envelope.test.ts [2m([22m[2m3 tests[22m[2m)[22m[32m 5[2mms[22m[39m
2026-03-24T04:35:38.3957410Z  [32m✓[39m src/tui/tui-overlays.test.ts [2m([22m[2m2 tests[22m[2m)[22m[32m 4[2mms[22m[39m
2026-03-24T04:35:39.7623007Z  [32m✓[39m src/config/config.talk-api-key-fallback.test.ts [2m([22m[2m2 tests[22m[2m)[22m[32m 4[2mms[22m[39m
2026-03-24T04:35:40.0421592Z  [32m✓[39m src/media-understanding/runner.entries.guards.test.ts [2m([22m[2m3 tests[22m[2m)[22m[32m 4[2mms[22m[39m
2026-03-24T04:35:40.2309689Z  [32m✓[39m src/memory/qmd-query-parser.test.ts [2m([22m[2m6 tests[22m[2m)[22m[32m 5[2mms[22m[39m
2026-03-24T04:35:41.4897062Z  [32m✓[39m src/channels/plugins/pairing-adapters.test.ts [2m([22m[2m3 tests[22m[2m)[22m[32m 4[2mms[22m[39m
2026-03-24T04:35:41.9884094Z  [32m✓[39m src/media/audio.test.ts [2m([22m[2m23 tests[22m[2m)[22m[32m 7[2mms[22m[39m
2026-03-24T04:35:42.0105798Z  [32m✓[39m src/infra/network-interfaces.test.ts [2m([22m[2m3 tests[22m[2m)[22m[32m 13[2mms[22m[39m
2026-03-24T04:35:43.3221350Z  [32m✓[39m src/shared/node-list-parse.test.ts [2m([22m[2m3 tests[22m[2m)[22m[32m 4[2mms[22m[39m
2026-03-24T04:35:43.7972834Z  [32m✓[39m src/hooks/module-loader.test.ts [2m([22m[2m5 tests[22m[2m)[22m[32m 4[2mms[22m[39m
2026-03-24T04:35:43.8859511Z  [32m✓[39m src/infra/outbound/envelope.test.ts [2m([22m[2m3 tests[22m[2m)[22m[32m 7[2mms[22m[39m
2026-03-24T04:35:45.1326277Z  [32m✓[39m src/cron/service/timeout-policy.test.ts [2m([22m[2m4 tests[22m[2m)[22m[32m 4[2mms[22m[39m
2026-03-24T04:35:45.6374601Z  [32m✓[39m src/terminal/prompt-select-styled.test.ts [2m([22m[2m1 test[22m[2m)[22m[32m 3[2mms[22m[39m
2026-03-24T04:35:45.6418630Z  [32m✓[39m src/config/cache-utils.test.ts [2m([22m[2m4 tests[22m[2m)[22m[32m 3[2mms[22m[39m
2026-03-24T04:35:46.9232421Z  [32m✓[39m src/plugins/installs.test.ts [2m([22m[2m3 tests[22m[2m)[22m[32m 5[2mms[22m[39m
2026-03-24T04:35:47.4382011Z  [32m✓[39m src/wizard/setup.secret-input.test.ts [2m([22m[2m3 tests[22m[2m)[22m[32m 5[2mms[22m[39m
2026-03-24T04:35:47.4797731Z  [32m✓[39m src/infra/cli-root-options.test.ts [2m([22m[2m21 tests[22m[2m)[22m[32m 12[2mms[22m[39m
2026-03-24T04:35:48.6870000Z  [32m✓[39m src/config/config.multi-agent-agentdir-validation.test.ts [2m([22m[2m2 tests[22m[2m)[22m[32m 10[2mms[22m[39m
2026-03-24T04:35:49.1983615Z  [32m✓[39m src/daemon/launchd-restart-handoff.test.ts [2m([22m[2m1 test[22m[2m)[22m[32m 4[2mms[22m[39m
2026-03-24T04:35:49.2924696Z  [32m✓[39m src/config/zod-schema.talk.test.ts [2m([22m[2m6 tests[22m[2m)[22m[32m 7[2mms[22m[39m
2026-03-24T04:35:50.3703378Z  [32m✓[39m src/infra/openclaw-exec-env.test.ts [2m([22m[2m3 tests[22m[2m)[22m[32m 4[2mms[22m[39m
2026-03-24T04:35:50.9840131Z  [32m✓[39m src/sessions/session-lifecycle-events.test.ts [2m([22m[2m2 tests[22m[2m)[22m[32m 5[2mms[22m[39m
2026-03-24T04:35:51.0627219Z  [32m✓[39m src/channels/plugins/directory-adapters.test.ts [2m([22m[2m4 tests[22m[2m)[22m[32m 4[2mms[22m[39m
2026-03-24T04:35:52.1579115Z  [32m✓[39m src/config/zod-schema.signal-groups.test.ts [2m([22m[2m3 tests[22m[2m)[22m[32m 8[2mms[22m[39m
2026-03-24T04:35:52.8268746Z  [32m✓[39m src/utils/normalize-secret-input.test.ts [2m([22m[2m6 tests[22m[2m)[22m[32m 3[2mms[22m[39m
2026-03-24T04:35:52.8846112Z  [32m✓[39m src/infra/format-time/parse-offsetless-zoned-datetime.test.ts [2m([22m[2m5 tests[22m[2m)[22m[32m 7[2mms[22m[39m
2026-03-24T04:35:53.9259318Z  [32m✓[39m src/channels/run-state-machine.test.ts [2m([22m[2m3 tests[22m[2m)[22m[32m 6[2mms[22m[39m
2026-03-24T04:35:54.6498434Z  [32m✓[39m test/scripts/stage-bundled-plugin-runtime-deps.test.ts [2m([22m[2m3 tests[22m[2m)[22m[32m 3[2mms[22m[39m
2026-03-24T04:35:54.7334110Z  [32m✓[39m src/tui/tui-waiting.test.ts [2m([22m[2m2 tests[22m[2m)[22m[32m 4[2mms[22m[39m
2026-03-24T04:35:55.6883525Z  [32m✓[39m src/terminal/stream-writer.test.ts [2m([22m[2m2 tests[22m[2m)[22m[32m 3[2mms[22m[39m
2026-03-24T04:35:56.4484969Z  [32m✓[39m src/infra/package-tag.test.ts [2m([22m[2m4 tests[22m[2m)[22m[32m 3[2mms[22m[39m
2026-03-24T04:35:56.5525807Z  [32m✓[39m src/channels/plugins/config-schema.test.ts [2m([22m[2m3 tests[22m[2m)[22m[32m 4[2mms[22m[39m
2026-03-24T04:35:57.4981403Z  [32m✓[39m src/channels/thread-binding-id.test.ts [2m([22m[2m3 tests[22m[2m)[22m[32m 3[2mms[22m[39m
2026-03-24T04:35:58.2719549Z  [32m✓[39m src/channels/account-snapshot-fields.test.ts [2m([22m[2m2 tests[22m[2m)[22m[32m 3[2mms[22m[39m
2026-03-24T04:35:58.2752181Z  [32m✓[39m src/channels/targets.test.ts [2m([22m[2m4 tests[22m[2m)[22m[32m 3[2mms[22m[39m
2026-03-24T04:35:59.1821574Z  [32m✓[39m src/daemon/systemd-hints.test.ts [2m([22m[2m3 tests[22m[2m)[22m[32m 4[2mms[22m[39m
2026-03-24T04:35:59.9250221Z  [32m✓[39m src/daemon/schtasks-exec.test.ts [2m([22m[2m2 tests[22m[2m)[22m[32m 4[2mms[22m[39m
2026-03-24T04:36:00.0431970Z  [32m✓[39m src/cli/program/build-program.version-alias.test.ts [2m([22m[2m2 tests[22m[2m)[22m[32m 8[2mms[22m[39m
2026-03-24T04:36:01.0457842Z  [32m✓[39m src/config/plugins-runtime-boundary.test.ts [2m([22m[2m3 tests[22m[2m)[22m[32m 66[2mms[22m[39m
2026-03-24T04:36:01.6238966Z  [32m✓[39m src/shared/process-scoped-map.test.ts [2m([22m[2m3 tests[22m[2m)[22m[32m 3[2mms[22m[39m
2026-03-24T04:36:01.7498204Z  [32m✓[39m src/plugin-sdk/runtime.test.ts [2m([22m[2m2 tests[22m[2m)[22m[32m 5[2mms[22m[39m
2026-03-24T04:36:02.7718714Z  [32m✓[39m src/cli/update-cli/shared.command-runner.test.ts [2m([22m[2m1 test[22m[2m)[22m[32m 4[2mms[22m[39m
2026-03-24T04:36:03.2991175Z  [32m✓[39m src/tui/commands.test.ts [2m([22m[2m4 tests[22m[2m)[22m[32m 5[2mms[22m[39m
2026-03-24T04:36:03.4213364Z  [32m✓[39m test/vitest-performance-config.test.ts [2m([22m[2m4 tests[22m[2m)[22m[32m 3[2mms[22m[39m
2026-03-24T04:36:04.4550816Z  [32m✓[39m src/docs/slash-commands-doc.test.ts [2m([22m[2m1 test[22m[2m)[22m[32m 27[2mms[22m[39m
2026-03-24T04:36:05.0545546Z  [32m✓[39m src/canvas-host/server.state-dir.test.ts [2m([22m[2m1 test[22m[2m)[22m[32m 12[2mms[22m[39m
2026-03-24T04:36:05.2307354Z  [32m✓[39m src/config/config.telegram-audio-preflight.test.ts [2m([22m[2m2 tests[22m[2m)[22m[32m 6[2mms[22m[39m
2026-03-24T04:36:06.2442635Z  [32m✓[39m src/infra/binaries.test.ts [2m([22m[2m2 tests[22m[2m)[22m[32m 4[2mms[22m[39m
2026-03-24T04:36:06.8002009Z  [32m✓[39m src/plugin-sdk/plugin-entry-guardrails.test.ts [2m([22m[2m1 test[22m[2m)[22m[32m 7[2mms[22m[39m
2026-03-24T04:36:07.0564258Z  [32m✓[39m src/infra/system-message.test.ts [2m([22m[2m10 tests[22m[2m)[22m[32m 3[2mms[22m[39m
2026-03-24T04:36:08.0700537Z  [32m✓[39m src/infra/node-shell.test.ts [2m([22m[2m2 tests[22m[2m)[22m[32m 3[2mms[22m[39m
2026-03-24T04:36:08.6466706Z  [32m✓[39m src/infra/outbound/tool-payload.test.ts [2m([22m[2m3 tests[22m[2m)[22m[32m 4[2mms[22m[39m
2026-03-24T04:36:09.0702260Z  [32m✓[39m test/scripts/check-no-raw-window-open.test.ts [2m([22m[2m4 tests[22m[2m)[22m[32m 21[2mms[22m[39m
2026-03-24T04:36:09.9258258Z  [32m✓[39m src/config/dangerous-name-matching.test.ts [2m([22m[2m4 tests[22m[2m)[22m[32m 3[2mms[22m[39m
2026-03-24T04:36:10.4733164Z  [32m✓[39m src/cli/progress.test.ts [2m([22m[2m2 tests[22m[2m)[22m[32m 4[2mms[22m[39m
2026-03-24T04:36:10.8860113Z  [32m✓[39m src/secrets/ref-contract.test.ts [2m([22m[2m3 tests[22m[2m)[22m[32m 16[2mms[22m[39m
2026-03-24T04:36:11.7188323Z  [32m✓[39m src/infra/build-stamp.test.ts [2m([22m[2m1 test[22m[2m)[22m[32m 5[2mms[22m[39m
2026-03-24T04:36:12.2882487Z  [32m✓[39m src/test-utils/temp-home.test.ts [2m([22m[2m1 test[22m[2m)[22m[32m 5[2mms[22m[39m
2026-03-24T04:36:12.5856565Z  [32m✓[39m src/media-understanding/defaults.test.ts [2m([22m[2m5 tests[22m[2m)[22m[32m 4[2mms[22m[39m
2026-03-24T04:36:13.5189977Z  [32m✓[39m src/terminal/ansi.test.ts [2m([22m[2m4 tests[22m[2m)[22m[32m 4[2mms[22m[39m
2026-03-24T04:36:14.1306696Z  [32m✓[39m src/infra/gemini-auth.test.ts [2m([22m[2m2 tests[22m[2m)[22m[32m 4[2mms[22m[39m
2026-03-24T04:36:14.3753392Z  [32m✓[39m src/infra/exec-safety.test.ts [2m([22m[2m2 tests[22m[2m)[22m[32m 3[2mms[22m[39m
2026-03-24T04:36:15.2159446Z  [32m✓[39m src/shared/assistant-identity-values.test.ts [2m([22m[2m4 tests[22m[2m)[22m[32m 3[2mms[22m[39m
2026-03-24T04:36:15.9872007Z  [32m✓[39m src/channels/plugins/account-action-gate.test.ts [2m([22m[2m3 tests[22m[2m)[22m[32m 3[2mms[22m[39m
2026-03-24T04:36:16.2500896Z  [32m✓[39m src/wizard/clack-prompter.test.ts [2m([22m[2m3 tests[22m[2m)[22m[32m 4[2mms[22m[39m
2026-03-24T04:36:17.0154425Z  [32m✓[39m test/test-runner-manifest.test.ts [2m([22m[2m3 tests[22m[2m)[22m[32m 8[2mms[22m[39m
2026-03-24T04:36:17.7705439Z  [32m✓[39m src/cron/isolated-agent/run.session-key.test.ts [2m([22m[2m4 tests[22m[2m)[22m[32m 4[2mms[22m[39m
2026-03-24T04:36:17.9899431Z  [32m✓[39m src/memory/manager.sync-errors-do-not-crash.test.ts [2m([22m[2m1 test[22m[2m)[22m[32m 5[2mms[22m[39m
2026-03-24T04:36:18.7564653Z  [32m✓[39m src/infra/ports-probe.test.ts [2m([22m[2m2 tests[22m[2m)[22m[32m 8[2mms[22m[39m
2026-03-24T04:36:19.6357622Z  [32m✓[39m src/media-understanding/attachments.normalize.test.ts [2m([22m[2m3 tests[22m[2m)[22m[32m 3[2mms[22m[39m
2026-03-24T04:36:19.8799728Z  [32m✓[39m src/config/zod-schema.cron-retention.test.ts [2m([22m[2m3 tests[22m[2m)[22m[32m 20[2mms[22m[39m
2026-03-24T04:36:20.4925680Z  [32m✓[39m src/logging/logger.settings.test.ts [2m([22m[2m3 tests[22m[2m)[22m[32m 3[2mms[22m[39m
2026-03-24T04:36:21.3639354Z  [32m✓[39m src/media/load-options.test.ts [2m([22m[2m3 tests[22m[2m)[22m[32m 3[2mms[22m[39m
2026-03-24T04:36:21.6164569Z  [32m✓[39m src/process/windows-command.test.ts [2m([22m[2m3 tests[22m[2m)[22m[32m 3[2mms[22m[39m
2026-03-24T04:36:22.2365339Z  [32m✓[39m src/config/legacy.shared.test.ts [2m([22m[2m1 test[22m[2m)[22m[32m 3[2mms[22m[39m
2026-03-24T04:36:23.1410224Z  [32m✓[39m src/memory/embeddings-mistral.test.ts [2m([22m[2m3 tests[22m[2m)[22m[32m 3[2mms[22m[39m
2026-03-24T04:36:23.4620128Z  [32m✓[39m src/channels/plugins/outbound/interactive.test.ts [2m([22m[2m2 tests[22m[2m)[22m[32m 3[2mms[22m[39m
2026-03-24T04:36:23.9491302Z  [32m✓[39m src/infra/tls/fingerprint.test.ts [2m([22m[2m3 tests[22m[2m)[22m[32m 3[2mms[22m[39m
2026-03-24T04:36:24.9401232Z  [32m✓[39m src/entry.test.ts [2m([22m[2m2 tests[22m[2m)[22m[32m 4[2mms[22m[39m
2026-03-24T04:36:25.1969270Z  [32m✓[39m src/config/zod-schema.tts.test.ts [2m([22m[2m3 tests[22m[2m)[22m[32m 5[2mms[22m[39m
2026-03-24T04:36:25.7582850Z  [32m✓[39m src/config/schema.shared.test.ts [2m([22m[2m2 tests[22m[2m)[22m[32m 3[2mms[22m[39m
2026-03-24T04:36:26.8092334Z  [32m✓[39m src/channels/plugins/actions/reaction-message-id.test.ts [2m([22m[2m3 tests[22m[2m)[22m[32m 10[2mms[22m[39m
2026-03-24T04:36:26.9798350Z  [32m✓[39m src/config/telegram-actions-poll.test.ts [2m([22m[2m2 tests[22m[2m)[22m[32m 8[2mms[22m[39m
2026-03-24T04:36:27.5802513Z  [32m✓[39m src/index.test.ts [2m([22m[2m2 tests[22m[2m)[22m[32m 3[2mms[22m[39m
2026-03-24T04:36:28.5969534Z  [32m✓[39m src/utils/mask-api-key.test.ts [2m([22m[2m3 tests[22m[2m)[22m[32m 4[2mms[22m[39m
2026-03-24T04:36:28.7634708Z  [32m✓[39m src/config/zod-schema.logging-levels.test.ts [2m([22m[2m2 tests[22m[2m)[22m[32m 6[2mms[22m[39m
2026-03-24T04:36:29.2402410Z  [32m✓[39m src/config/zod-schema.typing-mode.test.ts [2m([22m[2m2 tests[22m[2m)[22m[32m 6[2mms[22m[39m
2026-03-24T04:36:30.4771833Z  [32m✓[39m src/cli/daemon-cli/shared.test.ts [2m([22m[2m2 tests[22m[2m)[22m[32m 3[2mms[22m[39m
2026-03-24T04:36:30.6630259Z  [32m✓[39m src/cli/tagline.test.ts [2m([22m[2m3 tests[22m[2m)[22m[32m 4[2mms[22m[39m
2026-03-24T04:36:31.0917477Z  [32m✓[39m src/acp/event-mapper.test.ts [2m([22m[2m1 test[22m[2m)[22m[32m 3[2mms[22m[39m
2026-03-24T04:36:32.3879159Z  [32m✓[39m src/plugins/logger.test.ts [2m([22m[2m1 test[22m[2m)[22m[32m 5[2mms[22m[39m
2026-03-24T04:36:32.4597838Z  [32m✓[39m src/hooks/fire-and-forget.test.ts [2m([22m[2m2 tests[22m[2m)[22m[32m 4[2mms[22m[39m
2026-03-24T04:36:32.9071608Z  [32m✓[39m src/media/image-ops.helpers.test.ts [2m([22m[2m3 tests[22m[2m)[22m[32m 3[2mms[22m[39m
2026-03-24T04:36:34.1787102Z  [32m✓[39m src/plugin-sdk/request-url.test.ts [2m([22m[2m3 tests[22m[2m)[22m[32m 5[2mms[22m[39m
2026-03-24T04:36:34.3486021Z  [32m✓[39m src/config/discord-preview-streaming.test.ts [2m([22m[2m2 tests[22m[2m)[22m[32m 2[2mms[22m[39m
2026-03-24T04:36:34.7559075Z  [32m✓[39m src/plugin-sdk/text-chunking.test.ts [2m([22m[2m3 tests[22m[2m)[22m[32m 4[2mms[22m[39m
2026-03-24T04:36:35.9777684Z  [32m✓[39m src/tui/components/btw-inline-message.test.ts [2m([22m[2m1 test[22m[2m)[22m[32m 7[2mms[22m[39m
2026-03-24T04:36:36.1800480Z  [32m✓[39m test/ui.presenter-next-run.test.ts [2m([22m[2m2 tests[22m[2m)[22m[32m 6[2mms[22m[39m
2026-03-24T04:36:36.5555656Z  [32m✓[39m src/infra/prototype-keys.test.ts [2m([22m[2m1 test[22m[2m)[22m[32m 2[2mms[22m[39m
2026-03-24T04:36:37.8760462Z  [32m✓[39m src/config/markdown-tables.test.ts [2m([22m[2m3 tests[22m[2m)[22m[32m 3[2mms[22m[39m
2026-03-24T04:36:38.4311844Z  [32m✓[39m src/terminal/safe-text.test.ts [2m([22m[2m2 tests[22m[2m)[22m[32m 3[2mms[22m[39m
2026-03-24T04:36:38.8559581Z  [32m✓[39m src/config/schema.base.generated.test.ts [2m([22m[2m1 test[22m[2m)[22m[33m 1179[2mms[22m[39m
2026-03-24T04:36:38.8559973Z      [33m[2m✓[22m[39m matches the computed base config schema payload [33m 1177[2mms[22m[39m
2026-03-24T04:36:39.3656993Z  [32m✓[39m src/config/zod-schema.agent-defaults.test.ts [2m([22m[2m1 test[22m[2m)[22m[32m 4[2mms[22m[39m
2026-03-24T04:36:39.3734282Z 
2026-03-24T04:36:39.3734977Z [31m⎯⎯⎯⎯⎯⎯⎯[39m[1m[41m Failed Tests 1 [49m[22m[31m⎯⎯⎯⎯⎯⎯⎯[39m
2026-03-24T04:36:39.3735131Z 
2026-03-24T04:36:39.3735960Z [41m[1m FAIL [22m[49m src/plugin-sdk/channel-import-guardrails.test.ts[2m > [22mchannel import guardrails[2m > [22mkeeps core extension imports limited to approved public surfaces
2026-03-24T04:36:39.3739544Z [31m[1mAssertionError[22m: /home/runner/_work/openclaw/openclaw/src/infra/update-global.ts should only import approved extension surfaces, got dist/extensions/matrix/helper-api.js: expected false to be true // Object.is equality[39m
2026-03-24T04:36:39.3740006Z 
2026-03-24T04:36:39.3740065Z [32m- Expected[39m
2026-03-24T04:36:39.3740185Z [31m+ Received[39m
2026-03-24T04:36:39.3740247Z 
2026-03-24T04:36:39.3740294Z [32m- true[39m
2026-03-24T04:36:39.3740397Z [31m+ false[39m
2026-03-24T04:36:39.3740452Z 
2026-03-24T04:36:39.3740732Z [36m [2m❯[22m expectOnlyApprovedExtensionSeams src/plugin-sdk/channel-import-guardrails.test.ts:[2m376:7[22m[39m
2026-03-24T04:36:39.3765546Z     [90m374|[39m       [33mALLOWED_EXTENSION_PUBLIC_SURFACES[39m[33m.[39m[34mhas[39m(basename)[33m,[39m
2026-03-24T04:36:39.3765925Z     [90m375|[39m       `${file} should only import approved extension surfaces, got ${s…
2026-03-24T04:36:39.3766193Z     [90m376|[39m     )[33m.[39m[34mtoBe[39m([35mtrue[39m)[33m;[39m
2026-03-24T04:36:39.3766379Z     [90m   |[39m       [31m^[39m
2026-03-24T04:36:39.3766515Z     [90m377|[39m   }
2026-03-24T04:36:39.3766622Z     [90m378|[39m }
2026-03-24T04:36:39.3766921Z [90m [2m❯[22m src/plugin-sdk/channel-import-guardrails.test.ts:[2m460:7[22m[39m
2026-03-24T04:36:39.3767087Z 
2026-03-24T04:36:39.3767205Z [31m[2m⎯⎯⎯⎯⎯⎯⎯⎯⎯⎯⎯⎯⎯⎯⎯⎯⎯⎯⎯⎯⎯⎯⎯⎯[1/1]⎯[22m[39m
2026-03-24T04:36:39.3767295Z 
2026-03-24T04:36:39.3769440Z 
2026-03-24T04:36:39.3781635Z [2m Test Files [22m [1m[31m1 failed[39m[22m[2m | [22m[1m[32m567 passed[39m[22m[90m (568)[39m
2026-03-24T04:36:39.3805270Z [2m      Tests [22m [1m[31m1 failed[39m[22m[2m | [22m[1m[32m4926 passed[39m[22m[2m | [22m[33m2 skipped[39m[90m (4929)[39m
2026-03-24T04:36:39.3805731Z [2m   Start at [22m 04:30:06
2026-03-24T04:36:39.3809574Z [2m   Duration [22m 393.26s[2m (transform 28.92s, setup 964.57s, import 14.28s, tests 149.27s, environment 379ms)[22m
2026-03-24T04:36:39.3810113Z 
2026-03-24T04:36:39.3831916Z 
2026-03-24T04:36:39.3849068Z ##[error]AssertionError: /home/runner/_work/openclaw/openclaw/src/infra/update-global.ts should only import approved extension surfaces, got dist/extensions/matrix/helper-api.js: expected false to be true // Object.is equality

- Expected
+ Received

- true
+ false

 ❯ expectOnlyApprovedExtensionSeams src/plugin-sdk/channel-import-guardrails.test.ts:376:7
 ❯ src/plugin-sdk/channel-import-guardrails.test.ts:460:7


2026-03-24T04:36:39.4460836Z ##[error]Process completed with exit code 1.
2026-03-24T04:36:39.4522290Z Post job cleanup.
2026-03-24T04:36:39.4573292Z Post job cleanup.
2026-03-24T04:36:39.5008971Z [command]/usr/bin/git version
2026-03-24T04:36:39.5056606Z git version 2.52.0
2026-03-24T04:36:39.5073291Z Temporarily overriding HOME='/home/runner/_work/_temp/26a0139b-5dc5-44cb-982d-e993bd2d66fd' before making global git config changes
2026-03-24T04:36:39.5073660Z Adding repository directory to the temporary git global config as a safe directory
2026-03-24T04:36:39.5076127Z [command]/usr/bin/git config --global --add safe.directory /home/runner/_work/openclaw/openclaw
2026-03-24T04:36:39.5088228Z Removing SSH command configuration
2026-03-24T04:36:39.5091227Z [command]/usr/bin/git config --local --name-only --get-regexp core\.sshCommand
2026-03-24T04:36:39.5103719Z [command]/usr/bin/git submodule foreach --recursive sh -c "git config --local --name-only --get-regexp 'core\.sshCommand' && git config --local --unset-all 'core.sshCommand' || :"
2026-03-24T04:36:39.5194177Z Removing HTTP extra header
2026-03-24T04:36:39.5196399Z [command]/usr/bin/git config --local --name-only --get-regexp http\.https\:\/\/github\.com\/\.extraheader
2026-03-24T04:36:39.5208154Z [command]/usr/bin/git submodule foreach --recursive sh -c "git config --local --name-only --get-regexp 'http\.https\:\/\/github\.com\/\.extraheader' && git config --local --unset-all 'http.https://github.com/.extraheader' || :"
2026-03-24T04:36:39.5287222Z Removing includeIf entries pointing to credentials config files
2026-03-24T04:36:39.5290039Z [command]/usr/bin/git config --local --name-only --get-regexp ^includeIf\.gitdir:
2026-03-24T04:36:39.5297805Z includeif.gitdir:/home/runner/_work/openclaw/openclaw/.git.path
2026-03-24T04:36:39.5298096Z includeif.gitdir:/home/runner/_work/openclaw/openclaw/.git/worktrees/*.path
2026-03-24T04:36:39.5298300Z includeif.gitdir:/github/workspace/.git.path
2026-03-24T04:36:39.5298485Z includeif.gitdir:/github/workspace/.git/worktrees/*.path
2026-03-24T04:36:39.5301937Z [command]/usr/bin/git config --local --get-all includeif.gitdir:/home/runner/_work/openclaw/openclaw/.git.path
2026-03-24T04:36:39.5308930Z /home/runner/_work/_temp/git-credentials-712be2bb-49e4-495d-9544-8f75a7fba39c.config
2026-03-24T04:36:39.5313810Z [command]/usr/bin/git config --local --unset includeif.gitdir:/home/runner/_work/openclaw/openclaw/.git.path /home/runner/_work/_temp/git-credentials-712be2bb-49e4-495d-9544-8f75a7fba39c.config
2026-03-24T04:36:39.5328387Z [command]/usr/bin/git config --local --get-all includeif.gitdir:/home/runner/_work/openclaw/openclaw/.git/worktrees/*.path
2026-03-24T04:36:39.5336822Z /home/runner/_work/_temp/git-credentials-712be2bb-49e4-495d-9544-8f75a7fba39c.config
2026-03-24T04:36:39.5341026Z [command]/usr/bin/git config --local --unset includeif.gitdir:/home/runner/_work/openclaw/openclaw/.git/worktrees/*.path /home/runner/_work/_temp/git-credentials-712be2bb-49e4-495d-9544-8f75a7fba39c.config
2026-03-24T04:36:39.5354436Z [command]/usr/bin/git config --local --get-all includeif.gitdir:/github/workspace/.git.path
2026-03-24T04:36:39.5364232Z /github/runner_temp/git-credentials-712be2bb-49e4-495d-9544-8f75a7fba39c.config
2026-03-24T04:36:39.5369198Z [command]/usr/bin/git config --local --unset includeif.gitdir:/github/workspace/.git.path /github/runner_temp/git-credentials-712be2bb-49e4-495d-9544-8f75a7fba39c.config
2026-03-24T04:36:39.5383413Z [command]/usr/bin/git config --local --get-all includeif.gitdir:/github/workspace/.git/worktrees/*.path
2026-03-24T04:36:39.5392835Z /github/runner_temp/git-credentials-712be2bb-49e4-495d-9544-8f75a7fba39c.config
2026-03-24T04:36:39.5396148Z [command]/usr/bin/git config --local --unset includeif.gitdir:/github/workspace/.git/worktrees/*.path /github/runner_temp/git-credentials-712be2bb-49e4-495d-9544-8f75a7fba39c.config
2026-03-24T04:36:39.5410012Z [command]/usr/bin/git submodule foreach --recursive git config --local --show-origin --name-only --get-regexp remote.origin.url
2026-03-24T04:36:39.5499228Z Removing credentials config '/home/runner/_work/_temp/git-credentials-712be2bb-49e4-495d-9544-8f75a7fba39c.config'
2026-03-24T04:36:39.5549917Z A job completed hook has been configured by the self-hosted runner administrator
2026-03-24T04:36:39.5563798Z ##[group]Run '/job_completed.sh'
2026-03-24T04:36:39.5569487Z shell: /usr/bin/bash --noprofile --norc -e -o pipefail {0}
2026-03-24T04:36:39.5569638Z ##[endgroup]
2026-03-24T04:36:39.5670593Z Docker container caching not enabled, skipping hash computation.
2026-03-24T04:36:39.5723436Z No active SSH sessions detected. Proceeding with shutdown immediately.
2026-03-24T04:36:39.5760454Z Cleaning up orphan processes
